Gene,wt_seq,mt_seq,reloc,label_5class
KEL,MEGGDQSEEEPRERSQAGGMGTLWSQESTPEERLPVEGSRPWAVARRVLTAILILGLLLCFSVLLFYNFQNCGPRPCETSVCLDLRDHYLASGNTSVAPCTDFFSFACGRAKETNNSFQELATKNKNRLRRILEVQNSWHPGSGEEKAFQFYNSCMDTLAIEAAGTGPLRQVIEELGGWRISGKWTSLNFNRTLRLLMSQYGHFPFFRAYLGPHPASPHTPVIQIDQPEFDVPLKQDQEQKIYAQIFREYLTYLNQLGTLLGGDPSKVQEHSSLSISITSRLFQFLRPLEQRRAQGKLFQMVTIDQLKEMAPAIDWLSCLQATFTPMSLSPSQSLVVHDVEYLKNMSQLVEEMLLKQRDFLQSHMILGLVVTLSPALDSQFQEARRKLSQKLRELTEQPPMPARPRWMKCVEETGTFFEPTLAALFVREAFGPSTRSAAMKLFTAIRDALITRLRNLPWMNEETQNMAQDKVAQLQVEMGASEWALKPELARQEYNDIQLGSSFLQSVLSCVRSLRARIVQSFLQPHPQHRWKVSPWDVNAYYSVSDHVVVFPAGLLQPPFFHPGYPRAVNFGAAGSIMAHELLHIFYQLLLPGGCLACDNHALQEAHLCLKRHYAAFPLPSRTSFNDSLTFLENAADVGGLAIALQAYSKRLLRHHGETVLPSLDLSPQQIFFRSYAQVMCRKPSPQDSHDTHSPPHLRVHGPLSSTPAFARYFRCARGALLNPSSRCQLW,MEGGDQSEEEPRERSQAGGMGTLWSQESTPEERLPVEGSRPWAVARRVLTAILILGLLLCFSVLLFYNFQNCGPRPCETSVCLDLRDHYLASGNTSVAPCTDFFSFACGRAKETNNSFQELATKNKNRLRRILEVQNSWHPGSGEEKAFQFYNSCMDTLAIEAAGTGPLRQVIEELGGWRISGKWTSLNFNRTLRLLMSQYGHFPFFRAYLGPHPASPHTPVIQIDQPEFDVPLKQDQEQKIYAQIFREYLTYLNQLGTLLGGDPSKVQEHSSLSISITSRLFQFLRPLEQRRAQGKLFQMVTIDQLKEMAPAIDWLSCLQATFTPMSLSPSQSLVVHDVEYLKNMSQLVEEMLLKQRDFLQSHMILGLVVTLSPALDSQFQEARRKLSQKLRELTEQPPMPARPRWMKCVEETGTFFEPTLAALFVREAFGPSTRSAAMKLFTAIRDALITRLRNLPWMNEETQNMAQDKVAQLQVEMGASEWALKPELARQEYNDIQLGSSFLQSVLSCVRSLRARIVQSFLQPHPQHRWKVSPWDVNAYYSVSDHVVVFPAGLLQPPFFHPGYPRAVNFGAAGSIMAHELLHIFYQLLLPGGCPACDNHALQEAHLCLKRHYAAFPLPSRTSFNDSLTFLENAADVGGLAIALQAYSKRLLRHHGETVLPSLDLSPQQIFFRSYAQVMCRKPSPQDSHDTHSPPHLRVHGPLSSTPAFARYFRCARGALLNPSSRCQLW,0,C1_no_reloc
FGFR1,MWSWKCLLFWAVLVTATLCTARPSPTLPEQAQPWGAPVEVESFLVHPGDLLQLRCRLRDDVQSINWLRDGVQLAESNRTRITGEEVEVQDSVPADSGLYACVTSSPSGSDTTYFSVNVSDALPSSEDDDDDDDSSSEEKETDNTKPNRMPVAPYWTSPEKMEKKLHAVPAAKTVKFKCPSSGTPNPTLRWLKNGKEFKPDHRIGGYKVRYATWSIIMDSVVPSDKGNYTCIVENEYGSINHTYQLDVVERSPHRPILQAGLPANKTVALGSNVEFMCKVYSDPQPHIQWLKHIEVNGSKIGPDNLPYVQILKTAGVNTTDKEMEVLHLRNVSFEDAGEYTCLAGNSIGLSHHSAWLTVLEALEERPAVMTSPLYLEIIIYCTGAFLISCMVGSVIVYKMKSGTKKSDFHSQMAVHKLAKSIPLRRQVTVSADSSASMNSGVLLVRPSRLSSSGTPMLAGVSEYELPEDPRWELPRDRLVLGKPLGEGCFGQVVLAEAIGLDKDKPNRVTKVAVKMLKSDATEKDLSDLISEMEMMKMIGKHKNIINLLGACTQDGPLYVIVEYASKGNLREYLQARRPPGLEYCYNPSHNPEEQLSSKDLVSCAYQVARGMEYLASKKCIHRDLAARNVLVTEDNVMKIADFGLARDIHHIDYYKKTTNGRLPVKWMAPEALFDRIYTHQSDVWSFGVLLWEIFTLGGSPYPGVPVEELFKLLKEGHRMDKPSNCTNELYMMMRDCWHAVPSQRPTFKQLVEDLDRIVALTSNQEYLDLSMPLDQYSPSFPDTRSSTCSSGEDSVFSHEPLPEEPCLPRHPAQLANGGLKRR,MWSWKCLLFWAVLVTATLCTARPSPTLPEQAQPWGAPVEVESFLVHPGDLLQLRCRLRDDVQSINWLRDGVQLAESNRTRITGEEVEVQDSVPADSGLYACVTSSPSGSDTTYFSVNVSDALPSSEDDDDDDDSSSEEKETDNTKPNRMPVAPYWTSPEKMEKKLHAVPAAKTVKFKCPSSGTPNPTLRWLKNGKEFKPDHRIGGYKVRYATWSIIMDSVVPSDKGNYTCIVENEYGSINHTYQLDVVERSPHRPILQAGLPANKTVALGSNVEFMCKVYSDPQPHIQWLKHIEVNGSKIGPDNLPYVQILKTAGVNTTDKEMEVLHLRNVSFEDAGEYTCLAGNSIGLSHHSAWLTVLEALEERPAVMTSPLYLEIIIYCTGAFLISCMVGSVIVYKMKSGTKKSDFHSQMAVHKLAKSIPLRRQVTVSADSSASMNSGVLLVRPSRLSSSGTPMLAGVSEYELPEDPRWELPRDRLVLGKPLGEGCFGQVVLAEAIGLDKDKPNRVTKVAVKMLKSDATEKDLSDLISEMEMMKMIGKHKNIINLLGACTQDGPLYVIVEYASKGNLREYLQARRPPGLEYCYNPSHNPEEQLSSKDLVSCAYQMARGMEYLASKKCIHRDLAARNVLVTEDNVMKIADFGLARDIHHIDYYKKTTNGRLPVKWMAPEALFDRIYTHQSDVWSFGVLLWEIFTLGGSPYPGVPVEELFKLLKEGHRMDKPSNCTNELYMMMRDCWHAVPSQRPTFKQLVEDLDRIVALTSNQEYLDLSMPLDQYSPSFPDTRSSTCSSGEDSVFSHEPLPEEPCLPRHPAQLANGGLKRR,0,C1_no_reloc
HIST1H1E,MSETAPAAPAAPAPAEKTPVKKKARKSAGAAKRKASGPPVSELITKAVAASKERSGVSLAALKKALAAAGYDVEKNNSRIKLGLKSLVSKGTLVQTKGTGASGSFKLNKKAASGEAKPKAKKAGAAKAKKPAGAAKKPKKATGAATPKKSAKKTPKKAKKPAAAAGAKKAKSPKKAKAAKPKKAPKSPAKAKAVKPKAAKPKTAKPKAAKPKKAAAKKK,MSETAPAAPAAPAPAEKTPVKKKARKSAGAAKRKASGPPVSELITKAVAASKERSGVSLDALKKALAAAGYDVEKNNSRIKLGLKSLVSKGTLVQTKGTGASGSFKLNKKAASGEAKPKAKKAGAAKAKKPAGAAKKPKKATGAATPKKSAKKTPKKAKKPAAAAGAKKAKSPKKAKAAKPKKAPKSPAKAKAVKPKAAKPKTAKPKAAKPKKAAAKKK,1,C4_nuclear
ADIPOQ,MLLLGAVLLLLALPGHDQETTTQGPGVLLPLPKGACTGWMAGIPGHPGHNGAPGRDGRDGTPGEKGEKGDPGLIGPKGDIGETGVPGAEGPRGFPGIQGRKGEPGEGAYVYRSAFSVGLETYVTIPNMPIRFTKIFYNQQNHYDGSTGKFHCNIPGLYYFAYHITVYMKDVKVSLFKKDKAMLFTYDQYQENNVDQASGSVLLHLEVGDQVWLQVYGEGERNGLYADNDNDSTFTGFLLYHDTN,MLLLGAVLLLLALPGHDQETTTQGPGVLLPLPKGACTGWMAGIPGHPGHNGAPGRDGRDGTPGEKGEKGDPGLIGPKGDIGETGVPGAEGPRGFPGIQGRKGEPGEGAYVYCSAFSVGLETYVTIPNMPIRFTKIFYNQQNHYDGSTGKFHCNIPGLYYFAYHITVYMKDVKVSLFKKDKAMLFTYDQYQENNVDQASGSVLLHLEVGDQVWLQVYGEGERNGLYADNDNDSTFTGFLLYHDTN,1,C3_secretory
RAPSN,MGQDQTKQQIEKGLQLYQSNQTEKALQVWTKVLEKSSDLMGRFRVLGCLVTAHSEMGRYKEMLKFAVVQIDTARELEDADFLLESYLNLARSNEKLCEFHKTISYCKTCLGLPGTRAGAQLGGQVSLSMGNAFLGLSVFQKALESFEKALRYAHNNDDAMLECRVCCSLGSFYAQVKDYEKALFFPCKAAELVNNYGKGWSLKYRAMSQYHMAVAYRLLGRLGSAMECCEESMKIALQHGDRPLQALCLLCFADIHRSRGDLETAFPRYDSAMSIMTEIGNRLGQVQALLGVAKCWVARKALDKALDAIERAQDLAEEVGNKLSQLKLHCLSESIYRSKGLQRELRAHVVRFHECVEETELYCGLCGESIGEKNSRLQALPCSHIFHLRCLQNNGTRSCPNCRRSSMKPGFV,MGQDQTKQQIEKGPQLYQSNQTEKALQVWTKVLEKSSDLMGRFRVLGCLVTAHSEMGRYKEMLKFAVVQIDTARELEDADFLLESYLNLARSNEKLCEFHKTISYCKTCLGLPGTRAGAQLGGQVSLSMGNAFLGLSVFQKALESFEKALRYAHNNDDAMLECRVCCSLGSFYAQVKDYEKALFFPCKAAELVNNYGKGWSLKYRAMSQYHMAVAYRLLGRLGSAMECCEESMKIALQHGDRPLQALCLLCFADIHRSRGDLETAFPRYDSAMSIMTEIGNRLGQVQALLGVAKCWVARKALDKALDAIERAQDLAEEVGNKLSQLKLHCLSESIYRSKGLQRELRAHVVRFHECVEETELYCGLCGESIGEKNSRLQALPCSHIFHLRCLQNNGTRSCPNCRRSSMKPGFV,1,C2_aggregation
TFAP2A,MLWKLTDNIKYEDCEDRHDGTSNGTARLPQLGTVGQSPYTSAPPLSHTPNADFQPPYFPPPYQPIYPQSQDPYSHVNDPYSLNPLHAQPQPQHPGWPGQRQSQESGLLHTHRGLPHQLSGLDPRRDYRRHEDLLHGPHALSSGLGDLSIHSLPHAIEEVPHVEDPGINIPDQTVIKKGPVSLSKSNSNAVSAIPINKDNLFGGVVNPNEVFCSVPGRLSLLSSTSKYKVTVAEVQRRLSPPECLNASLLGGVLRRAKSKNGGRSLREKLDKIGLNLPAGRRKAANVTLLTSLVEGEAVHLARDFGYVCETEFPAKAVAEFLNRQHSDPNEQVTRKNMLLATKQICKEFTDLLAQDRSPLGNSRPNPILEPGIQSCLTHFNLISHGFGSPAVCAAVTALQNYLTEALKAMDKMYLSNNPNSHTDNNAKSSDKEEKHRK,MLWKLTDNIKYEDCEDRHDGTSNGTARLPQLGTVGQSPYTSAPPLSHTPNADFQPPYFPPPYQPIYPQSQDPYSHVNDPYSLNPLHAQPQPQHPGWPGQRQSQESGLLHTHRGLPHQLSGLDPRRDYRRHEDLLHGPHALSSGLGDLSIHSLPHAIEEVPHVEDPGINIPDQTVIKKGPVSLSKSNSNAVSAIPINKDNLFGGVVNPNEVFCSVPGRLSLLSSTSKYKVTVAEVQRRLSPPECLNASLLGGVLWRAKSKNGGRSLREKLDKIGLNLPAGRRKAANVTLLTSLVEGEAVHLARDFGYVCETEFPAKAVAEFLNRQHSDPNEQVTRKNMLLATKQICKEFTDLLAQDRSPLGNSRPNPILEPGIQSCLTHFNLISHGFGSPAVCAAVTALQNYLTEALKAMDKMYLSNNPNSHTDNNAKSSDKEEKHRK,1,C5_cytoplasmic
CYCS,MGDVEKGKKIFIMKCSQCHTVEKGGKHKTGPNLHGLFGRKTGQAPGYSYTAANKNKGIIWGEDTLMEYLENPKKYIPGTKMIFVGIKKKEERADLIAYLKKATNE,MGDVEKGKKIFIMKCSQCHTVEKGGKHKTGPNLHGLFGRKTSQAPGYSYTAANKNKGIIWGEDTLMEYLENPKKYIPGTKMIFVGIKKKEERADLIAYLKKATNE,1,C4_nuclear
HMGCS2,MQRLLTPVKRILQLTRAVQETSLTPARLLPVAHQRFSTASAVPLAKTDTWPKDVGILALEVYFPAQYVDQTDLEKYNNVEAGKYTVGLGQTRMGFCSVQEDINSLCLTVVQRLMERIQLPWDSVGRLEVGTETIIDKSKAVKTVLMELFQDSGNTDIEGIDTTNACYGGTASLFNAANWMESSSWDGRYAMVVCGDIAVYPSGNARPTGGAGAVAMLIGPKAPLALERGLRGTHMENVYDFYKPNLASEYPIVDGKLSIQCYLRALDRCYTSYRKKIQNQWKQAGSDRPFTLDDLQYMIFHTPFCKMVQKSLARLMFNDFLSASSDTQTSLYKGLEAFGGLKLEDTYTNKDLDKALLKASQDMFDKKTKASLYLSTHNGNMYTSSLYGCLASLLSHHSAQELAGSRIGAFSYGSGLAASFFSFRVSQDAAPGSPLDKLVSSTSDLPKRLASRKCVSPEEFTEIMNQREQFYHKVNFSPPGDTNSLFPGTWYLERVDEQHRRKYARRPV,MQRLLTPVKRILQLTRAVQETSLTPARLLPVAHQRFSTASAVPLAKTDTWPKDMGILALEVYFPAQYVDQTDLEKYNNVEAGKYTVGLGQTRMGFCSVQEDINSLCLTVVQRLMERIQLPWDSVGRLEVGTETIIDKSKAVKTVLMELFQDSGNTDIEGIDTTNACYGGTASLFNAANWMESSSWDGRYAMVVCGDIAVYPSGNARPTGGAGAVAMLIGPKAPLALERGLRGTHMENVYDFYKPNLASEYPIVDGKLSIQCYLRALDRCYTSYRKKIQNQWKQAGSDRPFTLDDLQYMIFHTPFCKMVQKSLARLMFNDFLSASSDTQTSLYKGLEAFGGLKLEDTYTNKDLDKALLKASQDMFDKKTKASLYLSTHNGNMYTSSLYGCLASLLSHHSAQELAGSRIGAFSYGSGLAASFFSFRVSQDAAPGSPLDKLVSSTSDLPKRLASRKCVSPEEFTEIMNQREQFYHKVNFSPPGDTNSLFPGTWYLERVDEQHRRKYARRPV,1,C5_cytoplasmic
ICK,MNRYTTIRQLGDGTYGSVLLGRSIESGELIAIKKMKRKFYSWEECMNLREVKSLKKLNHANVVKLKEVIRENDHLYFIFEYMKENLYQLIKERNKLFPESAIRNIMYQILQGLAFIHKHGFFHRDLKPENLLCMGPELVKIADFGLAREIRSKPPYTDYVSTRWYRAPEVLLRSTNYSSPIDVWAVGCIMAEVYTLRPLFPGASEIDTIFKICQVLGTPKKTDWPEGYQLSSAMNFRWPQCVPNNLKTLIPNASSEAVQLLRDMLQWDPKKRPTASQALRYPYFQVGHPLGSTTQNLQDSEKPQKGILEKAGPPPYIKPVPPAQPPAKPHTRISSRQHQASQPPLHLTYPYKAEVSRTDHPSHLQEDKPSPLLFPSLHNKHPQSKITAGLEHKNGEIKPKSRRRWGLISRSTKDSDDWADLDDLDFSPSLSRIDLKNKKRQSDDTLCRFESVLDLKPSEPVGTGNSAPTQTSYQRRDTPTLRSAAKQHYLKHSRYLPGISIRNGILSNPGKEFIPPNPWSSSGLSGKSSGTMSVISKVNSVGSSSTSSSGLTGNYVPSFLKKEIGSAMQRVHLAPIPDPSPGYSSLKAMRPHPGRPFFHTQPRSTPGLIPRPPAAQPVHGRTDWASKYASRR,MNRYTTIRQLGDGTYGSVLLGRSIESGELIAIKKMKRKFYSWEECMNLREVKSLKKLNHANVVKLKEVIRENDHLYFIFEYMKENLYQLIKERNKLFPESAIRNIMYQILQGLAFIHKHGFFHRDLKPENLLCMGPELVKIADFGLAREIRSKPPYTDYVSTRWYRAPEVLLRSTNYSSPIDVWAVGCIMAEVYTLRPLFPGASEIDTIFKICQVLGTPKKTDWPEGYQLSSAMNFRWPQCVPNNLKTLIPNASSEAVQLLRDMLQWDPKKQPTASQALRYPYFQVGHPLGSTTQNLQDSEKPQKGILEKAGPPPYIKPVPPAQPPAKPHTRISSRQHQASQPPLHLTYPYKAEVSRTDHPSHLQEDKPSPLLFPSLHNKHPQSKITAGLEHKNGEIKPKSRRRWGLISRSTKDSDDWADLDDLDFSPSLSRIDLKNKKRQSDDTLCRFESVLDLKPSEPVGTGNSAPTQTSYQRRDTPTLRSAAKQHYLKHSRYLPGISIRNGILSNPGKEFIPPNPWSSSGLSGKSSGTMSVISKVNSVGSSSTSSSGLTGNYVPSFLKKEIGSAMQRVHLAPIPDPSPGYSSLKAMRPHPGRPFFHTQPRSTPGLIPRPPAAQPVHGRTDWASKYASRR,1,C5_cytoplasmic
PTH1R,MGTARIAPGLALLLCCPVLSSAYALVDADDVMTKEEQIFLLHRAQAQCEKRLKEVLQRPASIMESDKGWTSASTSGKPRKDKASGKLYPESEEDKEAPTGSRYRGRPCLPEWDHILCWPLGAPGEVVAVPCPDYIYDFNHKGHAYRRCDRNGSWELVPGHNRTWANYSECVKFLTNETREREVFDRLGMIYTVGYSVSLASLTVAVLILAYFRRLHCTRNYIHMHLFLSFMLRAVSIFVKDAVLYSGATLDEAERLTEEELRAIAQAPPPPATAAAGYAGCRVAVTFFLYFLATNYYWILVEGLYLHSLIFMAFFSEKKYLWGFTVFGWGLPAVFVAVWVSVRATLANTGCWDLSSGNKKWIIQVPILASIVLNFILFINIVRVLATKLRETNAGRCDTRQQYRKLLKSTLVLMPLFGVHYIVFMATPYTEVSGTLWQVQMHYEMLFNSFQGFFVAIIYCFCNGEVQAEIKKSWSRWTLALDFKRKARSGSSSYSYGPMVSHTSVTNVGPRVGLGLPLSPRLLPTATTNGHPQLPGHAKPGTPALETLETTPPAMAAPKDDGFLNGSCSGLDEEASGPERPPALLQEEWETVM,MGTARIAPGLALLLCCPVLSSAYALVDADDVMTKEEQIFLLHRAQAQCEKRLKEVLQRPASIMESDKGWTSASTSGKPRKDKASGKLYPESEEDKEAPTGSRYRGRPCLPEWDHILCWPLGAPGEVVAVPCPDYIYDFNHKGHAYRRCDRNGSWELVPGHNRTWANYSECVKFLTNETREREVFDRLGMIYTVGYSVSLASLTVAVLILAYFRRLHCTRNYIRMHLFLSFMLRAVSIFVKDAVLYSGATLDEAERLTEEELRAIAQAPPPPATAAAGYAGCRVAVTFFLYFLATNYYWILVEGLYLHSLIFMAFFSEKKYLWGFTVFGWGLPAVFVAVWVSVRATLANTGCWDLSSGNKKWIIQVPILASIVLNFILFINIVRVLATKLRETNAGRCDTRQQYRKLLKSTLVLMPLFGVHYIVFMATPYTEVSGTLWQVQMHYEMLFNSFQGFFVAIIYCFCNGEVQAEIKKSWSRWTLALDFKRKARSGSSSYSYGPMVSHTSVTNVGPRVGLGLPLSPRLLPTATTNGHPQLPGHAKPGTPALETLETTPPAMAAPKDDGFLNGSCSGLDEEASGPERPPALLQEEWETVM,1,C3_secretory
SLC7A9,MGDTGLRKRREDEKSIQSQEPKTTSLQKELGLISGISIIVGTIIGSGIFVSPKSVLSNTEAVGPCLIIWAACGVLATLGALCFAELGTMITKSGGEYPYLMEAYGPIPAYLFSWASLIVIKPTSFAIICLSFSEYVCAPFYVGCKPPQIVVKCLAAAAILFISTVNSLSVRLGSYVQNIFTAAKLVIVAIIIISGLVLLAQGNTKNFDNSFEGAQLSVGAISLAFYNGLWAYDGWNQLNYITEELRNPYRNLPLAIIIGIPLVTACYILMNVSYFTVMTATELLQSQAVAVTFGDRVLYPASWIVPLFVAFSTIGAANGTCFTAGRLIYVAGREGHMLKVLSYISVRRLTPAPAIIFYGIIATIYIIPGDINSLVNYFSFAAWLFYGLTILGLIVMRFTRKELERPIKVPVVIPVLMTLISVFLVLAPIISKPTWEYLYCVLFILSGLLFYFLFVHYKFGWAQKISKPITMHLQMLMEVVPPEEDPE,MGDTGLRKRREDEKSIQSQEPKTTSLQKELGLISGISIIVGTIIGSGIFVSPKSVLSNTEAVGPCLIIWAACGVLATLGALCFAELGTMITKSGGEYPYLMEAYRPIPAYLFSWASLIVIKPTSFAIICLSFSEYVCAPFYVGCKPPQIVVKCLAAAAILFISTVNSLSVRLGSYVQNIFTAAKLVIVAIIIISGLVLLAQGNTKNFDNSFEGAQLSVGAISLAFYNGLWAYDGWNQLNYITEELRNPYRNLPLAIIIGIPLVTACYILMNVSYFTVMTATELLQSQAVAVTFGDRVLYPASWIVPLFVAFSTIGAANGTCFTAGRLIYVAGREGHMLKVLSYISVRRLTPAPAIIFYGIIATIYIIPGDINSLVNYFSFAAWLFYGLTILGLIVMRFTRKELERPIKVPVVIPVLMTLISVFLVLAPIISKPTWEYLYCVLFILSGLLFYFLFVHYKFGWAQKISKPITMHLQMLMEVVPPEEDPE,0,C1_no_reloc
KRT6A,MASTSTTIRSHSSSRRGFSANSARLPGVSRSGFSSVSVSRSRGSGGLGGACGGAGFGSRSLYGLGGSKRISIGGGSCAISGGYGSRAGGSYGFGGAGSGFGFGGGAGIGFGLGGGAGLAGGFGGPGFPVCPPGGIQEVTVNQSLLTPLNLQIDPTIQRVRAEEREQIKTLNNKFASFIDKVRFLEQQNKVLETKWTLLQEQGTKTVRQNLEPLFEQYINNLRRQLDSIVGERGRLDSELRGMQDLVEDFKNKYEDEINKRTAAENEFVTLKKDVDAAYMNKVELQAKADTLTDEINFLRALYDAELSQMQTHISDTSVVLSMDNNRNLDLDSIIAEVKAQYEEIAQRSRAEAESWYQTKYEELQVTAGRHGDDLRNTKQEIAEINRMIQRLRSEIDHVKKQCANLQAAIADAEQRGEMALKDAKNKLEGLEDALQKAKQDLARLLKEYQELMNVKLALDVEIATYRKLLEGEECRLNGEGVGQVNISVVQSTVSSGYGGASGVGSGLGLGGGSSYSYGSGLGVGGGFSSSSGRAIGGGLSSVGGGSSTIKYTTTSSSSRKSYKH,MASTSTTIRSHSSSRRGFSANSARLPGVSRSGFSSVSVSRSRGSGGLGGACGGAGFGSRSLYGLGGSKRISIGGGSCAISGGYGSRAGGSYGFGGAGSGFGFGGGAGIGFGLGGGAGLAGGFGGPGFPVCPPGGIQEVTVNQSLLTPLNLQIDPTIQRVRAEEREQIKTLNNKFASFIDKVRFLEQQNKVLETKWTLLQEQGTKTVRQNLEPLFEQYINNLRRQLDSIVGERGRLDSELRGMQDLVEDFKNKYEDEINKRTAAENEFVTLKKDVDAAYMNKVELQAKADTLTDEINFLRALYDAELSQMQTHISDTSVVLSMDNNRNLDLDSIIAEVKAQYEEIAQRSRAEAESWYQTKYEELQVTAGRHGDDLRNTKQEIAEINRMIQRLRSEIDHVKKQCANLQAAIADAEQRGEMALKDAKNKLEGLEDALQKAKQDLARLLKEYQELMNVKLALDVEIPTYRKLLEGEECRLNGEGVGQVNISVVQSTVSSGYGGASGVGSGLGLGGGSSYSYGSGLGVGGGFSSSSGRAIGGGLSSVGGGSSTIKYTTTSSSSRKSYKH,1,C2_aggregation
FGF10,MWKWILTHCASAFPHLPGCCCCCFLLLFLVSSVPVTCQALGQDMVSPEATNSSSSSFSSPSSAGRHVRSYNHLQGDVRWRKLFSFTKYFLKIEKNGKVSGTKKENCPYSILEITSVEIGVVAVKAINSNYYLAMNKKGKLYGSKEFNNDCKLKERIEENGYNTYASFNWQHNGRQMYVALNGKGAPRRGQKTRRKNTSAHFLPMVVHS,MWKWILTHCASAFPHLPGCCCCCFLLLFLVSSVPVTCQALGQDMVSPEATNSSSSSFSSPSSAGRHVRSYNHLQGDVRWRKLFSFTKYFLKIEKNGKVSGTKKENCPYSILEITSVEIGVVAVKAINSNYYLAMNKKGKLYGSKEFNNDCKLKERREENGYNTYASFNWQHNGRQMYVALNGKGAPRRGQKTRRKNTSAHFLPMVVHS,1,C3_secretory
SDHD,MAVLWRLSAVCGALGGRALLLRTPVVRPAHISAFLQDRPIPEWCGVQHIHLSPSHHSGSKAASLHWTSERVVSVLLLGLLPAAYLNPCSAMDYSLAAALTLHGHWGLGQVVTDYVHGDALQKAAKAGLLALSALTFAGLCYFNYHDVGICKAVAMLWKL,MAVLWRLSAVCGALGGRALLLRTPVVRPAHISAFLQDRPIPEWCGVQHIHLSPSHHSGSKAASLHWTSERVVSVLLLGLLPAAYLNPCSAMDYSLAAALTPHGHWGLGQVVTDYVHGDALQKAAKAGLLALSALTFAGLCYFNYHDVGICKAVAMLWKL,0,C1_no_reloc
ACTN4,MVDYHAANQSYQYGPSSAGNGAGGGGSMGDYMAQEDDWDRDLLLDPAWEKQQRKTFTAWCNSHLRKAGTQIENIDEDFRDGLKLMLLLEVISGERLPKPERGKMRVHKINNVNKALDFIASKGVKLVSIGAEEIVDGNAKMTLGMIWTIILRFAIQDISVEETSAKEGLLLWCQRKTAPYKNVNVQNFHISWKDGLAFNALIHRHRPELIEYDKLRKDDPVTNLNNAFEVAEKYLDIPKMLDAEDIVNTARPDEKAIMTYVSSFYHAFSGAQKAETAANRICKVLAVNQENEHLMEDYEKLASDLLEWIRRTIPWLEDRVPQKTIQEMQQKLEDFRDYRRVHKPPKVQEKCQLEINFNTLQTKLRLSNRPAFMPSEGKMVSDINNGWQHLEQAEKGYEEWLLNEIRRLERLDHLAEKFRQKASIHEAWTDGKEAMLKHRDYETATLSDIKALIRKHEAFESDLAAHQDRVEQIAAIAQELNELDYYDSHNVNTRCQKICDQWDALGSLTHSRREALEKTEKQLEAIDQLHLEYAKRAAPFNNWMESAMEDLQDMFIVHTIEEIEGLISAHDQFKSTLPDADREREAILAIHKEAQRIAESNHIKLSGSNPYTTVTPQIINSKWEKVQQLVPKRDHALLEEQSKQQSNEHLRRQFASQANVVGPWIQTKMEEIGRISIEMNGTLEDQLSHLKQYERSIVDYKPNLDLLEQQHQLIQEALIFDNKHTNYTMEHIRVGWEQLLTTIARTINEVENQILTRDAKGISQEQMQEFRASFNHFDKDHGGALGPEEFKACLISLGYDVENDRQGEAEFNRIMSLVDPNHSGLVTFQAFIDFMSRETTDTDTADQVIASFKVLAGDKNFITAEELRRELPPDQAEYCIARMAPYQGPDAVPGALDYKSFSTALYGESDL,MVDYHAANQSYQYGPSSAGNGAGGGGSMGDYMAQEDDWDRDLLLDPAWEKQQRKTFTAWCNSHLRKAGTQIENIDEDFRDGLKLMLLLEVISGERLPKPERGKMRVHKINNVNKALDFIASKGVKLVSIGAEEIVDGNAKMTLGMIWTIILRFAIQDISVEETSAKEGLLLWCQRKTAPYKNVNVQNFHISWKDGLAFNALIHRHRPELIEYDKLRKDDPVTNLNNAFEVAEKYLDIPKMLDAEDIVNTARPDEEAIMTYVSSFYHAFSGAQKAETAANRICKVLAVNQENEHLMEDYEKLASDLLEWIRRTIPWLEDRVPQKTIQEMQQKLEDFRDYRRVHKPPKVQEKCQLEINFNTLQTKLRLSNRPAFMPSEGKMVSDINNGWQHLEQAEKGYEEWLLNEIRRLERLDHLAEKFRQKASIHEAWTDGKEAMLKHRDYETATLSDIKALIRKHEAFESDLAAHQDRVEQIAAIAQELNELDYYDSHNVNTRCQKICDQWDALGSLTHSRREALEKTEKQLEAIDQLHLEYAKRAAPFNNWMESAMEDLQDMFIVHTIEEIEGLISAHDQFKSTLPDADREREAILAIHKEAQRIAESNHIKLSGSNPYTTVTPQIINSKWEKVQQLVPKRDHALLEEQSKQQSNEHLRRQFASQANVVGPWIQTKMEEIGRISIEMNGTLEDQLSHLKQYERSIVDYKPNLDLLEQQHQLIQEALIFDNKHTNYTMEHIRVGWEQLLTTIARTINEVENQILTRDAKGISQEQMQEFRASFNHFDKDHGGALGPEEFKACLISLGYDVENDRQGEAEFNRIMSLVDPNHSGLVTFQAFIDFMSRETTDTDTADQVIASFKVLAGDKNFITAEELRRELPPDQAEYCIARMAPYQGPDAVPGALDYKSFSTALYGESDL,0,C1_no_reloc
UROD,MEANGLGPQGFPELKNDTFLRAAWGEETDYTPVWCMRQAGRYLPEFRETRAAQDFFSTCRSPEACCELTLQPLRRFPLDAAIIFSDILVVPQALGMEVTMVPGKGPSFPEPLREEQDLERLRDPEVVASELGYVFQAITLTRQRLAGRVPLIGFAGAPWTLMTYMVEGGGSSTMAQAKRWLYQRPQASHQLLRILTDALVPYLVGQVVAGAQALQLFESHAGHLGPQLFNKFALPYIRDVAKQVKARLREAGLAPVPMIIFAKDGHFALEELAQAGYEVVGLDWTVAPKKARECVGKTVTLQGNLDPCALYASEEEIGQLVKQMLDDFGPHRYIANLGHGLYPDMDPEHVGAFVDAVHKHSRLLRQN,MEANGLGPQGFPELKNDTFLRAAWGEETDYTPVWCMRQAGRYLPEFRETRAAQDFFSTCRSPEACCELTLQPLRRFPLDAAIIFSDILVVPQALGMEVTMVPGKGPSFPEPLREEQDLERLRDPEVVASELGYVFQAITLTRQRLAGRVPLIGFAGAPWTLMTYMVEGGGSSTMAQAKRWLCQRPQASHQLLRILTDALVPYLVGQVVAGAQALQLFESHAGHLGPQLFNKFALPYIRDVAKQVKARLREAGLAPVPMIIFAKDGHFALEELAQAGYEVVGLDWTVAPKKARECVGKTVTLQGNLDPCALYASEEEIGQLVKQMLDDFGPHRYIANLGHGLYPDMDPEHVGAFVDAVHKHSRLLRQN,1,C4_nuclear
CYP1A2,MALSQSVPFSATELLLASAIFCLVFWVLKGLRPRVPKGLKSPPEPWGWPLLGHVLTLGKNPHLALSRMSQRYGDVLQIRIGSTPVLVLSRLDTIRQALVRQGDDFKGRPDLYTSTLITDGQSLTFSTDSGPVWAARRRLAQNALNTFSIASDPASSSSCYLEEHVSKEAKALISRLQELMAGPGHFDPYNQVVVSVANVIGAMCFGQHFPESSDEMLSLVKNTHEFVETASSGNPLDFFPILRYLPNPALQRFKAFNQRFLWFLQKTVQEHYQDFDKNSVRDITGALFKHSKKGPRASGNLIPQEKIVNLVNDIFGAGFDTVTTAISWSLMYLVTKPEIQRKIQKELDTVIGRERRPRLSDRPQLPYLEAFILETFRHSSFLPFTIPHSTTRDTTLNGFYIPKKCCVFVNQWQVNHDPELWEDPSEFRPERFLTADGTAINKPLSEKMMLFGMGKRRCIGEVLAKWEIFLFLAILLQQLEFSVPPGVKVDLTPIYGLTMKHARCEHVQARLRFSIN,MALSQSVPFSATELLLASAIFCLVFWVLKGLRPRVPKGLKSPPEPWGWPLLGHVLTLGKNPHLALSRMSQRYGDVLQIRIGSTPVLVLSRLDTIRQALVRQGDDFKGRPDLYTSTLITDGQSLTFSTDSGPVWAARRRLAQNALNTFSIASDPASSSSCYLEEHVSKEAKALISRLQELMAGPGHFDPYNQVVVSVANVIGAMCFGQHFPESSDEMLSLVKNTHEFVETASSGNPLDFFPILRYLPNPALQRFKAFNQRFLWFLQKTVQEHYQDFDKNSVRDITGALFKHSKKGPRASGNLIPQEKIVNLVNDIFGAGFDTVTTAISWSLMYLVTKPEIQRKIQKELDTVIGRERRPRLSDRPQLPYLEAFILETFRHSSFLPFTIPHSTTRDTTLNGFYIPKKCCVFVNQWQVNHDPELWEDPSEFRPERFLTADGTAINKPLSEKMMLFGMGKHRCIGEVLAKWEIFLFLAILLQQLEFSVPPGVKVDLTPIYGLTMKHARCEHVQARLRFSIN,0,C1_no_reloc
EBP,MTTNAGPLHPYWPQHLRLDNFVPNDRPTWHILAGLFSVTGVLVVTTWLLSGRAAVVPLGTWRRLSLCWFAVCGFIHLVIEGWFVLYYEDLLGDQAFLSQLWKEYAKGDSRYILGDNFTVCMETITACLWGPLSLWVVIAFLRQHPLRFILQLVVSVGQIYGDVLYFLTEHRDGFQHGELGHPLYFWFYFVFMNALWLVLPGVLVLDAVKHLTHAQSTLDAKATKAKSKKN,MTTNAGPLHPYWPQHLRPDNFVPNDRPTWHILAGLFSVTGVLVVTTWLLSGRAAVVPLGTWRRLSLCWFAVCGFIHLVIEGWFVLYYEDLLGDQAFLSQLWKEYAKGDSRYILGDNFTVCMETITACLWGPLSLWVVIAFLRQHPLRFILQLVVSVGQIYGDVLYFLTEHRDGFQHGELGHPLYFWFYFVFMNALWLVLPGVLVLDAVKHLTHAQSTLDAKATKAKSKKN,1,C2_aggregation
IL12RB1,MEPLVTWVVPLLFLFLLSRQGAACRTSECCFQDPPYPDADSGSASGPRDLRCYRISSDRYECSWQYEGPTAGVSHFLRCCLSSGRCCYFAAGSATRLQFSDQAGVSVLYTVTLWVESWARNQTEKSPEVTLQLYNSVKYEPPLGDIKVSKLAGQLRMEWETPDNQVGAEVQFRHRTPSSPWKLGDCGPQDDDTESCLCPLEMNVAQEFQLRRRQLGSQGSSWSKWSSPVCVPPENPPQPQVRFSVEQLGQDGRRRLTLKEQPTQLELPEGCQGLAPGTEVTYRLQLHMLSCPCKAKATRTLHLGKMPYLSGAAYNVAVISSNQFGPGLNQTWHIPADTHTEPVALNISVGTNGTTMYWPARAQSMTYCIEWQPVGQDGGLATCSLTAPQDPDPAGMATYSWSRESGAMGQEKCYYITIFASAHPEKLTLWSTVLSTYHFGGNASAAGTPHHVSVKNHSLDSVSVDWAPSLLSTCPGVLKEYVVRCRDEDSKQVSEHPVQPTETQVTLSGLRAGVAYTVQVRADTAWLRGVWSQPQRFSIEVQVSDWLIFFASLGSFLSILLVGVLGYLGLNRAARHLCPPLPTPCASSAIEFPGGKETWQWINPVDFQEEASLQEALVVEMSWDKGERTEPLEKTELPEGAPELALDTELSLEDGDRCKAKM,MEPLVTWVVPLLFLFLLSRQGAACRTSECCFQDPPYPDADSGSASGPRDLRCYRISSDRYECSWQYEGPTAGVSHFLRCCLSSGRCCYFAAGSATRLQFSDQAGVSVLYTVTLWVESWARNQTEKSPEVTLQLYNSVKYEPPLGDIKVSKLAGQLRMEWETPDNQVGAEVQFRHRTPSSPWKLGDSGPQDDDTESCLCPLEMNVAQEFQLRRRQLGSQGSSWSKWSSPVCVPPENPPQPQVRFSVEQLGQDGRRRLTLKEQPTQLELPEGCQGLAPGTEVTYRLQLHMLSCPCKAKATRTLHLGKMPYLSGAAYNVAVISSNQFGPGLNQTWHIPADTHTEPVALNISVGTNGTTMYWPARAQSMTYCIEWQPVGQDGGLATCSLTAPQDPDPAGMATYSWSRESGAMGQEKCYYITIFASAHPEKLTLWSTVLSTYHFGGNASAAGTPHHVSVKNHSLDSVSVDWAPSLLSTCPGVLKEYVVRCRDEDSKQVSEHPVQPTETQVTLSGLRAGVAYTVQVRADTAWLRGVWSQPQRFSIEVQVSDWLIFFASLGSFLSILLVGVLGYLGLNRAARHLCPPLPTPCASSAIEFPGGKETWQWINPVDFQEEASLQEALVVEMSWDKGERTEPLEKTELPEGAPELALDTELSLEDGDRCKAKM,0,C1_no_reloc
RPS19,MPGVTVKDVNQQEFVRALAAFLKKSGKLKVPEWVDTVKLAKHKELAPYDENWFYTRAASTARHLYLRGGAGVGSMTKIYGGRQRNGVMPSHFSRGSKSVARRVLQALEGLKMVEKDQDGGRKLTPQGQRDLDRIAGQVAAANKKH,MPGVTVKDVNQQEFVRALAAFLKKSGKLKVPEWVDTVKLAKHKELAPYDENWFYTRAASTARHLYLRGGAGVGSMTKIYGGRQRNGVMPSHFSRGSKSVARRVLQALEGLKMVEKDQDGGRKLTPQEQRDLDRIAGQVAAANKKH,1,C4_nuclear
SLC39A4,MASLVSLELGLLLAVLVVTATASPPAGLLSLLTSGQGALDQEALGGLLNTLADRVHCANGPCGKCLSVEDALGLGEPEGSGLPPGPVLEARYVARLSAAAVLYLSNPEGTCEDARAGLWASHADHLLALLESPKALTPGLSWLLQRMQARAAGQTPKMACVDIPQLLEEAVGAGAPGSAGGVLAALLDHVRSGSCFHALPSPQYFVDFVFQQHSSEVPMTLAELSALMQRLGVGREAHSDHSHRHRGASSRDPVPLISSSNSSSVWDTVCLSARDVMAAYGLSEQAGVTPEAWAQLSPALLQQQLSGACTSQSRPPVQDQLSQSERYLYGSLATLLICLCAVFGLLLLTCTGCRGVTHYILQTFLSLAVGAVTGDAVLHLTPKVLGLHTHSEEGLSPQPTWRLLAMLAGLYAFFLFENLFNLLLPRDPEDLEDGPCGHSSHSHGGHSHGVSLQLAPSELRQPKPPHEGSRADLVAEESPELLNPEPRRLSPELRLLPYMITLGDAVHNFADGLAVGAAFASSWKTGLATSLAVFCHELPHELGDFAALLHAGLSVRQALLLNLASALTAFAGLYVALAVGVSEESEAWILAVATGLFLYVALCDMLPAMLKVRDPRPWLLFLLHNVGLLGGWTVLLLLSLYEDDITF,MASLVSLELGLLLAVLVVTATASPPAGLLSLLTSGQGALDQEALGGLLNTLADRVHCANGPCGKCLSVEDALGLGEPEGSGLPPGPVLEARYVARLSAAAVLYLSNPEGTCEDARAGLWASHADHLLALLESPKALTPGLSWLLQRMQARAAGQTPKMACVDIPQLLEEAVGAGAPGSAGGVLAALLDHVRSGSCFHALLSPQYFVDFVFQQHSSEVPMTLAELSALMQRLGVGREAHSDHSHRHRGASSRDPVPLISSSNSSSVWDTVCLSARDVMAAYGLSEQAGVTPEAWAQLSPALLQQQLSGACTSQSRPPVQDQLSQSERYLYGSLATLLICLCAVFGLLLLTCTGCRGVTHYILQTFLSLAVGAVTGDAVLHLTPKVLGLHTHSEEGLSPQPTWRLLAMLAGLYAFFLFENLFNLLLPRDPEDLEDGPCGHSSHSHGGHSHGVSLQLAPSELRQPKPPHEGSRADLVAEESPELLNPEPRRLSPELRLLPYMITLGDAVHNFADGLAVGAAFASSWKTGLATSLAVFCHELPHELGDFAALLHAGLSVRQALLLNLASALTAFAGLYVALAVGVSEESEAWILAVATGLFLYVALCDMLPAMLKVRDPRPWLLFLLHNVGLLGGWTVLLLLSLYEDDITF,0,C1_no_reloc
GGCX,MAVSAGSARTSPSSDKVQKDKAELISGPRQDSRIGKLLGFEWTDLSSWRRLVTLLNRPTDPASLAVFRFLFGFLMVLDIPQERGLSSLDRKYLDGLDVCRFPLLDALRPLPLDWMYLVYTIMFLGALGMMLGLCYRISCVLFLLPYWYVFLLDKTSWNNHSYLYGLLAFQLTFMDANHYWSVDGLLNAHRRNAHVPLWNYAVLRGQIFIVYFIAGVKKLDADWVEGYSMEYLSRHWLFSPFKLLLSEELTSLLVVHWGGLLLDLSAGFLLFFDVSRSIGLFFVSYFHCMNSQLFSIGMFSYVMLASSPLFCSPEWPRKLVSYCPRRLQQLLPLKAAPQPSVSCVYKRSRGKSGQKPGLRHQLGAAFTLLYLLEQLFLPYSHFLTQGYNNWTNGLYGYSWDMMVHSRSHQHVKITYRDGRTGELGYLNPGVFTQSRRWKDHADMLKQYATCLSRLLPKYNVTEPQIYFDIWVSINDRFQQRIFDPRVDIVQAAWSPFQRTSWVQPLLMDLSPWRAKLQEIKSSLDNHTEVVFIADFPGLHLENFVSEDLGNTSIQLLQGEVTVELVAEQKNQTLREGEKMQLPAGEYHKVYTTSPSPSCYMYVYVNTTELALEQDLAYLQELKEKVENGSETGPLPPELQPLLEGEVKGGPEPTPLVQTFLRRQQRLQEIERRRNTPFHERFFRFLLRKLYVFRRSFLMTCISLRNLILGRPSLEQLAQEVTYANLRPFEAVGELNPSNTDSSHSNPPESNPDPVHSEF,MAVSAGSARTSPSSDKVQKDKAELISGPRQDSRIGKLLGFEWTDLSSWRRLVTLLNRPTDPASLAVFRFLFGFLMVLDIPQERGLSSLDRKYLDGLDVCRFPLLDALRPLPLDWMYLVYTIMFLGALGMMLGLCYRISCVLFLLPYWYVFLLDKTSRNNHSYLYGLLAFQLTFMDANHYWSVDGLLNAHRRNAHVPLWNYAVLRGQIFIVYFIAGVKKLDADWVEGYSMEYLSRHWLFSPFKLLLSEELTSLLVVHWGGLLLDLSAGFLLFFDVSRSIGLFFVSYFHCMNSQLFSIGMFSYVMLASSPLFCSPEWPRKLVSYCPRRLQQLLPLKAAPQPSVSCVYKRSRGKSGQKPGLRHQLGAAFTLLYLLEQLFLPYSHFLTQGYNNWTNGLYGYSWDMMVHSRSHQHVKITYRDGRTGELGYLNPGVFTQSRRWKDHADMLKQYATCLSRLLPKYNVTEPQIYFDIWVSINDRFQQRIFDPRVDIVQAAWSPFQRTSWVQPLLMDLSPWRAKLQEIKSSLDNHTEVVFIADFPGLHLENFVSEDLGNTSIQLLQGEVTVELVAEQKNQTLREGEKMQLPAGEYHKVYTTSPSPSCYMYVYVNTTELALEQDLAYLQELKEKVENGSETGPLPPELQPLLEGEVKGGPEPTPLVQTFLRRQQRLQEIERRRNTPFHERFFRFLLRKLYVFRRSFLMTCISLRNLILGRPSLEQLAQEVTYANLRPFEAVGELNPSNTDSSHSNPPESNPDPVHSEF,0,C1_no_reloc
NR0B1,MAGENHQWQGSILYNMLMSAKQTRAAPEAPETRLVDQCWGCSCGDEPGVGREGLLGGRNVALLYRCCFCGKDHPRQGSILYSMLTSAKQTYAAPKAPEATLGPCWGCSCGSDPGVGRAGLPGGRPVALLYRCCFCGEDHPRQGSILYSLLTSSKQTHVAPAAPEARPGGAWWDRSYFAQRPGGKEALPGGRATALLYRCCFCGEDHPQQGSTLYCVPTSTNQAQAAPEERPRAPWWDTSSGALRPVALKSPQVVCEAASAGLLKTLRFVKYLPCFQVLPLDQQLVLVRNCWASLLMLELAQDRLQFETVEVSEPSMLQKILTTRRRETGGNEPLPVPTLQHHLAPPAEARKVPSASQVQAIKCFLSKCWSLNISTKEYAYLKGTVLFNPDVPGLQCVKYIQGLQWGTQQILSEHTRMTHQGPHDRFIELNSTLFLLRFINANVIAELFFRPIIGTVSMDDMMLEMLCTKI,MAGENHQWQGSILYNMLMSAKQTRAAPEAPETRLVDQCWGCSCGDEPGVGREGLLGGRNVALLYRCCFCGKDHPRQGSILYSMLTSAKQTYAAPKAPEATLGPCWGCSCGSDPGVGRAGLPGGRPVALLYRCCFCGEDHPRQGSILYSLLTSSKQTHVAPAAPEARPGGAWWDRSYFAQRPGGKEALPGGRATALLYRCCFCGEDHPQQGSTLYCVPTSTNQAQAAPEERPRAPWWDTSSGALRPVALKSPQVVCEAASAGLLKTLRFVKYLPCFQVLPLDQQLVLVRNCWASLLMLELAQDRLQFETVEVSEPSMLQKILTTRRRETGGNEPLPVPTLQHHLAPPAEARKVPSASQVQAIKCFLSKCWSLNISTKEYAYLKGTVLFNPDVPGLQCVKYIQGLQWGTQQILSEHTRMTHQGPHDRFIELNSTLFLLRFIIANVIAELFFRPIIGTVSMDDMMLEMLCTKI,1,C5_cytoplasmic
PTH1R,MGTARIAPGLALLLCCPVLSSAYALVDADDVMTKEEQIFLLHRAQAQCEKRLKEVLQRPASIMESDKGWTSASTSGKPRKDKASGKLYPESEEDKEAPTGSRYRGRPCLPEWDHILCWPLGAPGEVVAVPCPDYIYDFNHKGHAYRRCDRNGSWELVPGHNRTWANYSECVKFLTNETREREVFDRLGMIYTVGYSVSLASLTVAVLILAYFRRLHCTRNYIHMHLFLSFMLRAVSIFVKDAVLYSGATLDEAERLTEEELRAIAQAPPPPATAAAGYAGCRVAVTFFLYFLATNYYWILVEGLYLHSLIFMAFFSEKKYLWGFTVFGWGLPAVFVAVWVSVRATLANTGCWDLSSGNKKWIIQVPILASIVLNFILFINIVRVLATKLRETNAGRCDTRQQYRKLLKSTLVLMPLFGVHYIVFMATPYTEVSGTLWQVQMHYEMLFNSFQGFFVAIIYCFCNGEVQAEIKKSWSRWTLALDFKRKARSGSSSYSYGPMVSHTSVTNVGPRVGLGLPLSPRLLPTATTNGHPQLPGHAKPGTPALETLETTPPAMAAPKDDGFLNGSCSGLDEEASGPERPPALLQEEWETVM,MGTARIAPGLALLLCCPVLSSAYALVDADDVMTKEEQIFLLHRAQAQCEKRLKEVLQRPASIMESDKGWTSASTSGKPRKDKASGKLYPESEEDKEAPTGSRYRGRPCLPEWDHILCWPLGAPGEVVAVPCLDYIYDFNHKGHAYRRCDRNGSWELVPGHNRTWANYSECVKFLTNETREREVFDRLGMIYTVGYSVSLASLTVAVLILAYFRRLHCTRNYIHMHLFLSFMLRAVSIFVKDAVLYSGATLDEAERLTEEELRAIAQAPPPPATAAAGYAGCRVAVTFFLYFLATNYYWILVEGLYLHSLIFMAFFSEKKYLWGFTVFGWGLPAVFVAVWVSVRATLANTGCWDLSSGNKKWIIQVPILASIVLNFILFINIVRVLATKLRETNAGRCDTRQQYRKLLKSTLVLMPLFGVHYIVFMATPYTEVSGTLWQVQMHYEMLFNSFQGFFVAIIYCFCNGEVQAEIKKSWSRWTLALDFKRKARSGSSSYSYGPMVSHTSVTNVGPRVGLGLPLSPRLLPTATTNGHPQLPGHAKPGTPALETLETTPPAMAAPKDDGFLNGSCSGLDEEASGPERPPALLQEEWETVM,1,C3_secretory
KRT2,MSCQISCKSRGRGGGGGGFRGFSSGSAVVSGGSRRSTSSFSCLSRHGGGGGGFGGGGFGSRSLVGLGGTKSISISVAGGGGGFGAAGGFGGRGGGFGGGSSFGGGSGFSGGGFGGGGFGGGRFGGFGGPGGVGGLGGPGGFGPGGYPGGIHEVSVNQSLLQPLNVKVDPEIQNVKAQEREQIKTLNNKFASFIDKVRFLEQQNQVLQTKWELLQQMNVGTRPINLEPIFQGYIDSLKRYLDGLTAERTSQNSELNNMQDLVEDYKKKYEDEINKRTAAENDFVTLKKDVDNAYMIKVELQSKVDLLNQEIEFLKVLYDAEISQIHQSVTDTNVILSMDNSRNLDLDSIIAEVKAQYEEIAQRSKEEAEALYHSKYEELQVTVGRHGDSLKEIKIEISELNRVIQRLQGEIAHVKKQCKNVQDAIADAEQRGEHALKDARNKLNDLEEALQQAKEDLARLLRDYQELMNVKLALDVEIATYRKLLEGEECRMSGDLSSNVTVSVTSSTISSNVASKAAFGGSGGRGSSSGGGYSSGSSSYGSGGRQSGSRGGSGGGGSISGGGYGSGGGSGGRYGSGGGSKGGSISGGGYGSGGGKHSSGGGSRGGSSSGGGYGSGGGGSSSVKGSSGEAFGSSVTFSFR,MSCQISCKSRGRGGGGGGFRGFSSGSAVVSGGSRRSTSSFSCLSRHGGGGGGFGGGGFGSRSLVGLGGTKSISISVAGGGGGFGAAGGFGGRGGGFGGGSSFGGGSGFSGGGFGGGGFGGGRFGGFGGPGGVGGLGGPGGFGPGGYPGGIHEVSVNQSLLQPLNVKVDPEIQNVKAQEREQIKTLNNKFASFIDKVRFLEQQNQVLQTKWELLQQMNVGTRPINLEPIFQGYIDSLKRYLDGLTAERTSQNSELNNMQDLVEDYKKKYEDEINKRTAAENDFVTLKKDVDNAYMIKVELQSKVDLLNQEIEFLKVLYDAEISQIHQSVTDTNVILSMDNSRNLDLDSIIAEVKAQYEEIAQRSKEEAEALYHSKYEELQVTVGRHGDSLKEIKIEISELNRVIQRLQGEIAHVKKQCKNVQDAIADAEQRGEHALKDARNKLNDLEEALQQAKEDLARLLRDYQELMNVKLALDVENATYRKLLEGEECRMSGDLSSNVTVSVTSSTISSNVASKAAFGGSGGRGSSSGGGYSSGSSSYGSGGRQSGSRGGSGGGGSISGGGYGSGGGSGGRYGSGGGSKGGSISGGGYGSGGGKHSSGGGSRGGSSSGGGYGSGGGGSSSVKGSSGEAFGSSVTFSFR,1,C2_aggregation
