KEY,Gene,Mutation_used,Mislocalized,split,xgb_64d_test_prob,xgb_70d_test_prob,xgb_64d_val_prob,xgb_70d_val_prob
LDHA||K222E,LDHA,K222E,0,validation,,,0.4360144,0.07196045
PTEN||K6N,PTEN,K6N,0,train,,,,
ASS1||K310Q,ASS1,K310Q,0,validation,,,0.389264,0.07796643
EPHX2||K55R,EPHX2,K55R,0,validation,,,0.39746663,0.051031657
FTH1||K54R,FTH1,K54R,0,train,,,,
GNPTAB||K4Q,GNPTAB,K4Q,1,train,,,,
HRAS||K117R,HRAS,K117R,0,test,0.4891584813594818,0.37278276681900024,,
OPTN||K435R,OPTN,K435R,0,validation,,,0.40542686,0.11152157
IRF4||K123R,IRF4,K123R,0,train,,,,
MAP2K1||K57T,MAP2K1,K57T,0,validation,,,0.3831789,0.079816416
APOC3||T94A,APOC3,T94A,0,train,,,,
AHCY||Y143C,AHCY,Y143C,0,train,,,,
ANTXR2||Y381C,ANTXR2,Y381C,0,train,,,,
BBS12||T501M,BBS12,T501M,0,train,,,,
BMP15||Y235C,BMP15,Y235C,0,train,,,,
BMP4||S91C,BMP4,S91C,0,train,,,,
CD44||T163K,CD44,T163K,0,test,0.5147400498390198,0.38581568002700806,,
CHST6||Y358D,CHST6,Y358D,0,train,,,,
CYB5A||T60A,CYB5A,T60A,0,train,,,,
DCX||S47R,DCX,S47R,1,train,,,,
DPM1||S248P,DPM1,S248P,0,train,,,,
ELF4||S369P,ELF4,S369P,0,test,0.4016367793083191,0.09716380387544632,,
ETHE1||Y38C,ETHE1,Y38C,1,validation,,,0.51967,0.28324276
GDNF||T154S,GDNF,T154S,0,train,,,,
MCFD2||Y135N,MCFD2,Y135N,1,train,,,,
MPI||S102L,MPI,S102L,0,train,,,,
MSX2||S63C,MSX2,S63C,0,train,,,,
NME1||S120G,NME1,S120G,0,train,,,,
NR3C1||S651F,NR3C1,S651F,0,validation,,,0.3729484,0.103952184
OPTN||T202R,OPTN,T202R,0,validation,,,0.41113073,0.20230973
PKP2||S140F,PKP2,S140F,0,train,,,,
RDH12||T49M,RDH12,T49M,0,train,,,,
SBDS||S143W,SBDS,S143W,0,train,,,,
SORBS1||T237A,SORBS1,T237A,0,train,,,,
SPINT2||Y163C,SPINT2,Y163C,0,train,,,,
SYN3||S470N,SYN3,S470N,0,train,,,,
TEK||Y897S,TEK,Y897S,0,train,,,,
TUBB2B||S172P,TUBB2B,S172P,1,test,0.49262338876724243,0.360185444355011,,
VHL||S38P,VHL,S38P,0,train,,,,
KRT6A||T552S,KRT6A,T552S,0,test,0.3418731987476349,0.1394256204366684,,
B2M||Y30H,B2M,Y30H,0,test,0.48895445466041565,0.6035230159759521,,
ERBB2||T182I,ERBB2,T182I,0,train,,,,
GPR141||T6N,GPR141,T6N,0,validation,,,0.37551296,0.100703724
NRAS||Y64D,NRAS,Y64D,0,train,,,,
RHOA||Y42C,RHOA,Y42C,0,train,,,,
RHOA||Y42S,RHOA,Y42S,0,train,,,,
SERPINB4||T347N,SERPINB4,T347N,0,validation,,,0.41551965,0.184428
TP53||S215I,TP53,S215I,0,train,,,,
FSHR||N191I,FSHR,N191I,0,train,,,,
CRYAA||R21W,CRYAA,R21W,0,validation,,,0.50726235,0.36018258
DDX20||R693S,DDX20,R693S,0,test,0.4527212679386139,0.27527546882629395,,
LDHB||R172H,LDHB,R172H,0,train,,,,
NOP10||R34W,NOP10,R34W,0,train,,,,
PGAM2||R90W,PGAM2,R90W,0,train,,,,
TP53||R337H,TP53,R337H,0,train,,,,
RBM10||R171W,RBM10,R171W,0,train,,,,
GALNS||N204K,GALNS,N204K,0,train,,,,
KRT8||K464N,KRT8,K464N,0,train,,,,
MYL2||K104E,MYL2,K104E,0,train,,,,
BRAF||K601E,BRAF,K601E,0,train,,,,
A2M||C972Y,A2M,C972Y,0,validation,,,0.46201676,0.22220121
A4GALT||A219V,A4GALT,A219V,0,train,,,,
A4GALT||C96Y,A4GALT,C96Y,0,train,,,,
A4GALT||M183K,A4GALT,M183K,0,train,,,,
A4GALT||S100L,A4GALT,S100L,0,train,,,,
ABAT||R220K,ABAT,R220K,0,train,,,,
ABCG8||E423D,ABCG8,E423D,0,train,,,,
ABCG8||P231T,ABCG8,P231T,0,train,,,,
ABHD5||E260K,ABHD5,E260K,0,train,,,,
ABHD5||E7K,ABHD5,E7K,0,train,,,,
ACADM||A27V,ACADM,A27V,0,train,,,,
ACADM||K329E,ACADM,K329E,0,train,,,,
ACADM||M274V,ACADM,M274V,0,train,,,,
ACADM||R206C,ACADM,R206C,0,train,,,,
ACADS||G274S,ACADS,G274S,0,train,,,,
ACADS||R46W,ACADS,R46W,0,train,,,,
ACADS||W177R,ACADS,W177R,0,train,,,,
ACADSB||E387K,ACADSB,E387K,0,validation,,,0.49337155,0.27879423
ACADSB||T148I,ACADSB,T148I,0,validation,,,0.39600548,0.13052632
ACADSB||Y283C,ACADSB,Y283C,0,validation,,,0.45008796,0.15551277
ACAT2||I254T,ACAT2,I254T,0,train,,,,
ACSM3||K367N,ACSM3,K367N,0,train,,,,
ACTA2||R292G,ACTA2,R292G,0,train,,,,
ACTB||E364K,ACTB,E364K,1,train,,,,
ACTB||R183W,ACTB,R183W,1,train,,,,
ACTC1||S273F,ACTC1,S273F,0,train,,,,
ACTN4||K255E,ACTN4,K255E,1,train,,,,
ACVR1||G328R,ACVR1,G328R,0,train,,,,
ACVR1||G356D,ACVR1,G356D,0,train,,,,
ACVR1||R206H,ACVR1,R206H,0,train,,,,
ACVR2B||R40H,ACVR2B,R40H,0,train,,,,
ACVR2B||V494I,ACVR2B,V494I,0,train,,,,
ACVRL1||C344P,ACVRL1,C344P,1,validation,,,0.5456917,0.2462098
ACVRL1||D330N,ACVRL1,D330N,0,validation,,,0.47530755,0.22414984
ACVRL1||E206G,ACVRL1,E206G,0,validation,,,0.46081516,0.20490871
ACVRL1||E215K,ACVRL1,E215K,1,validation,,,0.5076492,0.5886426
ACVRL1||E224K,ACVRL1,E224K,0,validation,,,0.50810736,0.5645515
ACVRL1||G48E,ACVRL1,G48E,1,validation,,,0.4541724,0.11516175
ACVRL1||K487T,ACVRL1,K487T,0,validation,,,0.45365617,0.16917557
ACVRL1||L337P,ACVRL1,L337P,1,validation,,,0.5179352,0.5400201
ACVRL1||M376R,ACVRL1,M376R,1,validation,,,0.52333796,0.5610317
ACVRL1||P449L,ACVRL1,P449L,1,validation,,,0.4731822,0.29642892
ACVRL1||R374W,ACVRL1,R374W,1,validation,,,0.52535695,0.59775573
ACVRL1||R484Q,ACVRL1,R484Q,0,validation,,,0.43700787,0.09544392
ACVRL1||V380G,ACVRL1,V380G,1,validation,,,0.42492953,0.33620587
ADH1C||I350V,ADH1C,I350V,0,train,,,,
ADIPOQ||G15G,ADIPOQ,G15G,1,test,0.3772972822189331,0.06533133238554001,,
ADIPOQ||I164T,ADIPOQ,I164T,0,test,0.48379451036453247,0.20305582880973816,,
ADIPOQ||R112C,ADIPOQ,R112C,1,test,0.5121058821678162,0.5596655011177063,,
ADORA3||I248L,ADORA3,I248L,0,train,,,,
ADRB2||A119D,ADRB2,A119D,1,test,0.4967113435268402,0.6793311834335327,,
AGA||G302R,AGA,G302R,0,train,,,,
AGA||G60D,AGA,G60D,0,train,,,,
AGER||G82S,AGER,G82S,0,train,,,,
AGPAT2||A239V,AGPAT2,A239V,0,test,0.5031429529190063,0.2479037344455719,,
AHCY||A89V,AHCY,A89V,1,train,,,,
AHCY||D86G,AHCY,D86G,0,train,,,,
AHCY||R49C,AHCY,R49C,1,train,,,,
AIPL1||M79T,AIPL1,M79T,0,train,,,,
AIPL1||R270H,AIPL1,R270H,0,train,,,,
AIPL1||R302L,AIPL1,R302L,0,train,,,,
AK2||D165G,AK2,D165G,0,train,,,,
AK2||R103W,AK2,R103W,0,train,,,,
AK2||R186C,AK2,R186C,0,train,,,,
AKR1C3||H5Q,AKR1C3,H5Q,0,train,,,,
AKR1C4||L311V,AKR1C4,L311V,0,test,0.41955581307411194,0.2723155617713928,,
AKR1D1||P133R,AKR1D1,P133R,0,train,,,,
AKR1D1||P198L,AKR1D1,P198L,0,train,,,,
AKR1D1||R261C,AKR1D1,R261C,0,train,,,,
AKT1||E242E,AKT1,E242E,0,test,0.3772972822189331,0.1038702204823494,,
AKT2||R274H,AKT2,R274H,0,validation,,,0.4862654,0.36803898
ALAS2||I289T,ALAS2,I289T,0,train,,,,
ALAS2||I476N,ALAS2,I476N,0,train,,,,
ALAS2||R448Q,ALAS2,R448Q,0,train,,,,
ALDH4A1||S352L,ALDH4A1,S352L,0,validation,,,0.53488016,0.19381627
ALDH6A1||G446R,ALDH6A1,G446R,0,train,,,,
ALDOA||C339Y,ALDOA,C339Y,0,train,,,,
ALDOA||D129G,ALDOA,D129G,0,train,,,,
ALG12||F142V,ALG12,F142V,0,train,,,,
ALG12||R146Q,ALG12,R146Q,0,train,,,,
ALG12||R311C,ALG12,R311C,0,train,,,,
ALG12||T67M,ALG12,T67M,0,train,,,,
ALOX5||E254K,ALOX5,E254K,0,test,0.4329172372817993,0.3086313009262085,,
AMACR||L107P,AMACR,L107P,0,train,,,,
AMACR||S52P,AMACR,S52P,0,train,,,,
AMHR2||D426G,AMHR2,D426G,0,validation,,,0.41478497,0.12291721
AMHR2||D491H,AMHR2,D491H,0,validation,,,0.4572629,0.10093891
AMHR2||G142V,AMHR2,G142V,0,validation,,,0.44766283,0.26824236
AMHR2||H282Q,AMHR2,H282Q,1,validation,,,0.4341978,0.22180606
AMHR2||R504C,AMHR2,R504C,0,validation,,,0.49847105,0.62741345
AMHR2||R54C,AMHR2,R54C,1,validation,,,0.48399216,0.21248426
AMHR2||V458A,AMHR2,V458A,0,validation,,,0.45805028,0.14037222
AMT||G269D,AMT,G269D,0,train,,,,
AMT||N145I,AMT,N145I,0,train,,,,
AMT||R320H,AMT,R320H,0,train,,,,
AMT||V212A,AMT,V212A,0,train,,,,
ANG||G86G,ANG,G86G,0,train,,,,
ANG||P112L,ANG,P112L,1,train,,,,
ANG||Q36L,ANG,Q36L,1,train,,,,
ANGPTL3||D41N,ANGPTL3,D41N,0,train,,,,
ANGPTL3||L164F,ANGPTL3,L164F,0,train,,,,
ANGPTL3||Y417C,ANGPTL3,Y417C,0,train,,,,
ANKRD1||T116M,ANKRD1,T116M,0,train,,,,
ANTXR2||V386F,ANTXR2,V386F,0,train,,,,
ANTXR2||V394A,ANTXR2,V394A,0,train,,,,
ANXA11||R230C,ANXA11,R230C,0,train,,,,
AOAH||D28N,AOAH,D28N,0,test,0.36002832651138306,0.09589360654354095,,
APBB3||T318T,APBB3,T318T,0,test,0.3772972822189331,0.068379245698452,,
APEX1||E126D,APEX1,E126D,0,train,,,,
APEX1||G306A,APEX1,G306A,0,train,,,,
APEX1||Q51H,APEX1,Q51H,0,train,,,,
APOC3||D45N,APOC3,D45N,0,train,,,,
APOC3||Q58K,APOC3,Q58K,0,train,,,,
APOD||F56V,APOD,F56V,0,train,,,,
APOD||T178K,APOD,T178K,0,train,,,,
APOH||C325G,APOH,C325G,1,train,,,,
APOH||W335S,APOH,W335S,0,train,,,,
AQP1||N192K,AQP1,N192K,1,train,,,,
AQP1||P38L,AQP1,P38L,1,train,,,,
AQP1||Q47R,AQP1,Q47R,0,train,,,,
AQP2||G64R,AQP2,G64R,1,train,,,,
AQP2||R187H,AQP2,R187H,1,train,,,,
AQP2||T126M,AQP2,T126M,1,train,,,,
AQP4||D184E,AQP4,D184E,0,test,0.5114360451698303,0.5343726277351379,,
AQP4||I128T,AQP4,I128T,0,test,0.49222251772880554,0.18891102075576782,,
AQP4||M224T,AQP4,M224T,0,test,0.4209887385368347,0.2669079303741455,,
AQP4||M278T,AQP4,M278T,0,test,0.36080554127693176,0.15601196885108948,,
ARG1||T290S,ARG1,T290S,0,train,,,,
ARHGEF9||G55A,ARHGEF9,G55A,1,train,,,,
ARL11||C148R,ARL11,C148R,0,train,,,,
ARL13B||R200C,ARL13B,R200C,1,train,,,,
ARSE||G245R,ARSE,G245R,0,train,,,,
ARSE||G317R,ARSE,G317R,0,train,,,,
ARSE||P578S,ARSE,P578S,0,train,,,,
ARSE||R12S,ARSE,R12S,0,train,,,,
ASPA||E285A,ASPA,E285A,0,train,,,,
ASPA||I143F,ASPA,I143F,0,train,,,,
ASPA||M195R,ASPA,M195R,0,train,,,,
ASS1||G14S,ASS1,G14S,0,validation,,,0.502374,0.13580237
ASS1||V345G,ASS1,V345G,0,validation,,,0.46699554,0.3771901
ATCAY||S301R,ATCAY,S301R,0,train,,,,
ATF6||A145P,ATF6,A145P,0,train,,,,
ATF6||P157S,ATF6,P157S,0,train,,,,
ATP2B2||G293S,ATP2B2,G293S,0,train,,,,
ATPAF2||W94R,ATPAF2,W94R,0,train,,,,
AVPR2||N55D,AVPR2,N55D,0,train,,,,
AXIN2||V539M,AXIN2,V539M,0,train,,,,
B4GALT7||A186D,B4GALT7,A186D,0,train,,,,
BAAT||M76V,BAAT,M76V,0,train,,,,
BANK1||A383T,BANK1,A383T,0,test,0.38269972801208496,0.13991107046604156,,
BANK1||R61H,BANK1,R61H,0,test,0.4793480336666107,0.27034926414489746,,
BBS10||C91W,BBS10,C91W,0,test,0.5074512958526611,0.37419554591178894,,
BBS12||G540V,BBS12,G540V,0,train,,,,
BBS12||P159L,BBS12,P159L,0,train,,,,
BBS7||T211I,BBS7,T211I,0,train,,,,
BCAM||R175Q,BCAM,R175Q,0,train,,,,
BCAM||R77H,BCAM,R77H,0,train,,,,
BCAM||T539A,BCAM,T539A,0,train,,,,
BCHE||L358I,BCHE,L358I,0,train,,,,
BCHE||Q546L,BCHE,Q546L,0,train,,,,
BCHE||Y156C,BCHE,Y156C,0,train,,,,
BCKDHB||H206R,BCKDHB,H206R,0,test,0.5247481465339661,0.2562936842441559,,
BCL10||A5S,BCL10,A5S,0,train,,,,
BCL10||L8L,BCL10,L8L,0,train,,,,
BCS1L||P99L,BCS1L,P99L,0,train,,,,
BCS1L||Q302E,BCS1L,Q302E,0,train,,,,
BCS1L||R144Q,BCS1L,R144Q,0,train,,,,
BDNF||T2I,BDNF,T2I,0,train,,,,
BEST1||L567F,BEST1,L567F,0,train,,,,
BEST1||R218G,BEST1,R218G,0,train,,,,
BEST1||R92C,BEST1,R92C,0,train,,,,
BEST1||Y85H,BEST1,Y85H,0,train,,,,
BHMT||R239Q,BHMT,R239Q,0,train,,,,
BLMH||I443V,BLMH,I443V,0,train,,,,
BMI1||C18Y,BMI1,C18Y,0,train,,,,
BMP15||N196K,BMP15,N196K,0,train,,,,
BMP15||R61Q,BMP15,R61Q,0,train,,,,
BMP15||R76C,BMP15,R76C,0,train,,,,
BMP4||G168A,BMP4,G168A,0,train,,,,
BMP4||S367T,BMP4,S367T,0,train,,,,
BMP4||T225A,BMP4,T225A,0,train,,,,
BMP7||R303C,BMP7,R303C,0,train,,,,
BMPR1B||I200K,BMPR1B,I200K,0,train,,,,
BMPR1B||R486Q,BMPR1B,R486Q,0,train,,,,
BMPR1B||R486W,BMPR1B,R486W,0,train,,,,
BMPR2||R491Q,BMPR2,R491Q,0,train,,,,
BPGM||R62Q,BPGM,R62Q,0,train,,,,
BPGM||R90C,BPGM,R90C,0,train,,,,
BRIP1||P47A,BRIP1,P47A,0,train,,,,
BSND||G284D,BSND,G284D,0,train,,,,
BSND||G47R,BSND,G47R,0,train,,,,
BSND||R8W,BSND,R8W,1,train,,,,
BSND||V43I,BSND,V43I,1,train,,,,
BST1||R125H,BST1,R125H,0,validation,,,0.38568702,0.12296348
BTC||C7G,BTC,C7G,0,test,0.4178932309150696,0.10825604945421219,,
BTK||C154S,BTK,C154S,0,test,0.5038525462150574,0.279329389333725,,
BTK||I56T,BTK,I56T,1,test,0.5256664156913757,0.44277799129486084,,
BTK||K430E,BTK,K430E,0,test,0.5293905735015869,0.5534533858299255,,
BTK||L358F,BTK,L358F,0,test,0.404975563287735,0.15921032428741455,,
BTK||M509I,BTK,M509I,0,test,0.47500890493392944,0.37267205119132996,,
BTK||P565L,BTK,P565L,0,test,0.4898632764816284,0.3581424653530121,,
BTK||R307T,BTK,R307T,0,test,0.5165904760360718,0.5133846402168274,,
BTK||V219V,BTK,V219V,0,test,0.3772972822189331,0.07683439552783966,,
BTK||V64F,BTK,V64F,0,test,0.4424579441547394,0.220365971326828,,
BTK||Y591S,BTK,Y591S,0,test,0.41423752903938293,0.27399569749832153,,
C1QA||G92G,C1QA,G92G,0,train,,,,
C1QB||G42D,C1QB,G42D,0,train,,,,
C1QB||G244R,C1QB,G244R,0,train,,,,
C1QC||G34R,C1QC,G34R,0,train,,,,
C2||C131Y,C2,C131Y,0,train,,,,
C2||E318D,C2,E318D,0,train,,,,
C2||G464R,C2,G464R,0,train,,,,
C2||S209F,C2,S209F,0,train,,,,
CA1||R247H,CA1,R247H,0,train,,,,
CA4||R14W,CA4,R14W,0,test,0.4054870009422302,0.10205276310443878,,
CA4||R219S,CA4,R219S,0,test,0.5159261226654053,0.4160819351673126,,
CA4||R69H,CA4,R69H,0,test,0.39923903346061707,0.057874858379364014,,
CABP4||R124C,CABP4,R124C,0,train,,,,
CACNB4||C104F,CACNB4,C104F,0,train,,,,
CACNB4||R468Q,CACNB4,R468Q,0,train,,,,
CADM1||H246N,CADM1,H246N,0,train,,,,
CADM1||Y251S,CADM1,Y251S,0,train,,,,
CAPN3||A798E,CAPN3,A798E,0,train,,,,
CAPN3||T706K,CAPN3,T706K,1,train,,,,
CARTPT||L61F,CARTPT,L61F,0,train,,,,
CAT||D54E,CAT,D54E,0,train,,,,
CAT||E67D,CAT,E67D,0,train,,,,
CAT||R354H,CAT,R354H,0,train,,,,
CAV3||D28E,CAV3,D28E,1,validation,,,0.47270203,0.2243721
CAV3||G56S,CAV3,G56S,0,validation,,,0.4200762,0.07277821
CAV3||S141R,CAV3,S141R,0,validation,,,0.5313177,0.5332407
CAV3||T78M,CAV3,T78M,0,validation,,,0.47408083,0.17987579
CCKBR||E288K,CCKBR,E288K,0,train,,,,
CCKBR||V125I,CCKBR,V125I,0,train,,,,
CCM2||L198R,CCM2,L198R,0,train,,,,
CCT5||H147R,CCT5,H147R,0,train,,,,
CD151||R171C,CD151,R171C,0,test,0.4513351321220398,0.45929619669914246,,
CD151||R178H,CD151,R178H,0,test,0.48707816004753113,0.523449718952179,,
CD38||R140W,CD38,R140W,0,train,,,,
CD40||P227A,CD40,P227A,0,train,,,,
CD44||R46P,CD44,R46P,0,test,0.5001375675201416,0.5993245244026184,,
CD79B||G137S,CD79B,G137S,0,validation,,,0.50737154,0.37868506
CD96||T280M,CD96,T280M,0,train,,,,
CDA||A70T,CDA,A70T,0,train,,,,
CDC73||L64P,CDC73,L64P,0,validation,,,0.4536677,0.3670249
CDC73||R91P,CDC73,R91P,0,validation,,,0.50819093,0.33063617
CDKN1B||E172K,CDKN1B,E172K,0,validation,,,0.4526385,0.14857246
CDKN1B||I119T,CDKN1B,I119T,0,validation,,,0.38994497,0.07172771
CDKN1B||P95S,CDKN1B,P95S,0,validation,,,0.44419095,0.06577419
CER1||R19W,CER1,R19W,1,train,,,,
CERKL||R106S,CERKL,R106S,0,train,,,,
CETP||D459G,CETP,D459G,0,train,,,,
CETP||L168P,CETP,L168P,0,train,,,,
CETP||L313Q,CETP,L313Q,0,train,,,,
CETP||S349Y,CETP,S349Y,0,train,,,,
CFH||A307A,CFH,A307A,0,train,,,,
CFH||Q400K,CFH,Q400K,0,train,,,,
CFH||R127L,CFH,R127L,0,train,,,,
CFHR5||K144N,CFHR5,K144N,0,train,,,,
CFHR5||M514R,CFHR5,M514R,0,train,,,,
CFHR5||P46S,CFHR5,P46S,0,train,,,,
CFHR5||R356H,CFHR5,R356H,0,train,,,,
CFP||R346C,CFP,R346C,1,train,,,,
CFP||R100W,CFP,R100W,0,train,,,,
CFP||W321S,CFP,W321S,1,train,,,,
CHGA||G382S,CHGA,G382S,0,validation,,,0.37193123,0.08242527
CHGA||P388L,CHGA,P388L,0,validation,,,0.4019782,0.07576881
CHIT1||A442V,CHIT1,A442V,0,train,,,,
CHIT1||E74K,CHIT1,E74K,0,train,,,,
CHMP2B||D148Y,CHMP2B,D148Y,0,train,,,,
CHMP2B||N143S,CHMP2B,N143S,0,train,,,,
CHMP2B||Q206H,CHMP2B,Q206H,0,train,,,,
CHRNA3||Y215Y,CHRNA3,Y215Y,0,train,,,,
CHRNA4||L290V,CHRNA4,L290V,0,train,,,,
CHRNA4||S280F,CHRNA4,S280F,0,train,,,,
CHRNA4||S284L,CHRNA4,S284L,0,train,,,,
CHRNA4||T261I,CHRNA4,T261I,0,train,,,,
CHRNB1||L262M,CHRNB1,L262M,0,train,,,,
CHRNB1||V266M,CHRNB1,V266M,0,train,,,,
CHRND||E402K,CHRND,E402K,0,train,,,,
CHRND||I79K,CHRND,I79K,0,train,,,,
CHRND||L42P,CHRND,L42P,0,train,,,,
CHRND||Q288E,CHRND,Q288E,0,train,,,,
CHRNG||R86C,CHRNG,R86C,0,train,,,,
CHRNG||V107G,CHRNG,V107G,0,train,,,,
CHST6||H249P,CHST6,H249P,0,train,,,,
CHST6||Y110C,CHST6,Y110C,0,train,,,,
CIDEA||V115F,CIDEA,V115F,0,train,,,,
CIRH1A||R565W,CIRH1A,R565W,0,train,,,,
CLCN2||G715E,CLCN2,G715E,0,train,,,,
CLCN2||R577Q,CLCN2,R577Q,0,train,,,,
CLCNKB||A61D,CLCNKB,A61D,0,train,,,,
CLCNKB||P124L,CLCNKB,P124L,0,train,,,,
CLCNKB||R438H,CLCNKB,R438H,0,train,,,,
CLCNKB||T481S,CLCNKB,T481S,0,train,,,,
CLDN19||G20D,CLDN19,G20D,1,train,,,,
CLDN19||L90P,CLDN19,L90P,1,train,,,,
CLRN1||C40G,CLRN1,C40G,1,train,,,,
CLRN1||S105P,CLRN1,S105P,1,train,,,,
CLU||Q381P,CLU,Q381P,0,train,,,,
CNGA3||C191Y,CNGA3,C191Y,1,train,,,,
CNGA3||P163L,CNGA3,P163L,1,train,,,,
CNGA3||R563C,CNGA3,R563C,1,train,,,,
CNGA3||S401P,CNGA3,S401P,1,train,,,,
COLQ||D342E,COLQ,D342E,1,train,,,,
COMT||A72S,COMT,A72S,0,train,,,,
COMT||V158M,COMT,V158M,0,train,,,,
COX10||D336V,COX10,D336V,0,test,0.5392965078353882,0.15744554996490479,,
COX10||N204K,COX10,N204K,0,test,0.4903165400028229,0.21600905060768127,,
COX10||P225L,COX10,P225L,0,test,0.5207806825637817,0.2787485122680664,,
COX10||T196K,COX10,T196K,1,test,0.5580593943595886,0.3733503222465515,,
COX4I2||E138K,COX4I2,E138K,0,train,,,,
COX6B1||R20H,COX6B1,R20H,0,train,,,,
CPA4||G303C,CPA4,G303C,0,train,,,,
CPN1||G178D,CPN1,G178D,1,test,0.39479517936706543,0.2029169499874115,,
CPT1A||D454G,CPT1A,D454G,0,train,,,,
CPT1A||E360G,CPT1A,E360G,0,train,,,,
CPT1A||G709E,CPT1A,G709E,0,train,,,,
CPT1A||R123C,CPT1A,R123C,1,train,,,,
CRISP2||C196R,CRISP2,C196R,0,validation,,,0.48218682,0.33145088
CRYAA||R116C,CRYAA,R116C,0,validation,,,0.5344014,0.45232663
CRYAA||R12C,CRYAA,R12C,0,validation,,,0.50726235,0.32910565
CRYAA||R49C,CRYAA,R49C,0,validation,,,0.48288968,0.45556974
CRYAB||D140N,CRYAB,D140N,0,train,,,,
CRYAB||P20S,CRYAB,P20S,0,train,,,,
CRYAB||R120G,CRYAB,R120G,1,train,,,,
CRYAB||R56W,CRYAB,R56W,0,train,,,,
CRYBB1||S228P,CRYBB1,S228P,1,train,,,,
CRYGC||R168W,CRYGC,R168W,0,train,,,,
CRYGC||T5P,CRYGC,T5P,1,train,,,,
CRYGD||E107A,CRYGD,E107A,1,train,,,,
CRYGD||G61C,CRYGD,G61C,0,train,,,,
CRYGD||P24T,CRYGD,P24T,0,train,,,,
CRYGD||R15C,CRYGD,R15C,1,train,,,,
CRYGS||G18V,CRYGS,G18V,0,validation,,,0.48699266,0.24086241
CRYGS||S39C,CRYGS,S39C,0,validation,,,0.49799493,0.27512
CRYM||K314T,CRYM,K314T,0,train,,,,
CSNK1D||R324H,CSNK1D,R324H,0,train,,,,
CSNK1D||T44A,CSNK1D,T44A,0,train,,,,
CSRP3||L44P,CSRP3,L44P,0,train,,,,
CSRP3||Q91L,CSRP3,Q91L,0,train,,,,
CSRP3||R100H,CSRP3,R100H,0,train,,,,
CSRP3||W4R,CSRP3,W4R,0,train,,,,
CTLA4||I53M,CTLA4,I53M,0,train,,,,
CTRC||M200V,CTRC,M200V,1,train,,,,
CTSG||N125S,CTSG,N125S,0,train,,,,
CTSK||G146R,CTSK,G146R,0,train,,,,
CTSK||G79R,CTSK,G79R,0,train,,,,
CTSK||I249T,CTSK,I249T,0,train,,,,
CUL4B||R572C,CUL4B,R572C,0,train,,,,
CUL4B||T213I,CUL4B,T213I,0,train,,,,
CXCL16||A200V,CXCL16,A200V,0,train,,,,
CYBB||C244S,CYBB,C244S,0,train,,,,
CYBB||P415H,CYBB,P415H,0,train,,,,
CYBB||R54G,CYBB,R54G,0,train,,,,
CYBRD1||R226H,CYBRD1,R226H,0,train,,,,
CYCS||G42S,CYCS,G42S,1,validation,,,0.48523042,0.22006208
CYP19A1||M127R,CYP19A1,M127R,0,train,,,,
CYP19A1||R435C,CYP19A1,R435C,0,train,,,,
CYP19A1||V370M,CYP19A1,V370M,0,train,,,,
CYP19A1||W39R,CYP19A1,W39R,0,train,,,,
CYP1A1||I462V,CYP1A1,I462V,0,train,,,,
CYP1A1||T461N,CYP1A1,T461N,0,train,,,,
CYP1A2||F186L,CYP1A2,F186L,1,train,,,,
CYP1A2||R377Q,CYP1A2,R377Q,0,train,,,,
CYP1A2||R456H,CYP1A2,R456H,1,train,,,,
CYP27B1||D164N,CYP27B1,D164N,0,train,,,,
CYP27B1||E189G,CYP27B1,E189G,0,train,,,,
CYP27B1||Q65H,CYP27B1,Q65H,0,train,,,,
CYP27B1||R107H,CYP27B1,R107H,0,train,,,,
CYP2A6||G479V,CYP2A6,G479V,0,train,,,,
CYP2A6||L160H,CYP2A6,L160H,0,train,,,,
CYP2A6||V110L,CYP2A6,V110L,0,train,,,,
CYP2A6||V365M,CYP2A6,V365M,0,train,,,,
CYP2C9||I359L,CYP2C9,I359L,0,train,,,,
CYP2C9||V490F,CYP2C9,V490F,0,train,,,,
CYP2E1||R76H,CYP2E1,R76H,0,train,,,,
CYP2J2||G312R,CYP2J2,G312R,0,train,,,,
CYP2J2||I192N,CYP2J2,I192N,0,train,,,,
CYP2J2||N404Y,CYP2J2,N404Y,0,train,,,,
CYP3A4||I118V,CYP3A4,I118V,0,train,,,,
CYP3A4||L373F,CYP3A4,L373F,0,train,,,,
CYP3A4||P467S,CYP3A4,P467S,0,train,,,,
CYP3A4||R130Q,CYP3A4,R130Q,0,train,,,,
CYP3A5||A337T,CYP3A5,A337T,0,validation,,,0.3793148,0.1421926
CYP3A5||F446S,CYP3A5,F446S,0,validation,,,0.45737228,0.23028904
CYP4F12||V90I,CYP4F12,V90I,0,train,,,,
D2HGDH||D375Y,D2HGDH,D375Y,0,train,,,,
D2HGDH||N439D,D2HGDH,N439D,0,train,,,,
D2HGDH||V444A,D2HGDH,V444A,0,train,,,,
DARS2||C152F,DARS2,C152F,0,test,0.513612687587738,0.06943447887897491,,
DARS2||S45G,DARS2,S45G,0,test,0.42496609687805176,0.20315881073474884,,
DARS2||Y629C,DARS2,Y629C,0,test,0.5344014167785645,0.3115749657154083,,
DCK||A119G,DCK,A119G,0,train,,,,
DCK||I24V,DCK,I24V,0,train,,,,
DCK||P122S,DCK,P122S,0,train,,,,
DCLRE1C||G118V,DCLRE1C,G118V,0,train,,,,
DCLRE1C||H35D,DCLRE1C,H35D,0,train,,,,
DCX||G253D,DCX,G253D,0,train,,,,
DCX||L43S,DCX,L43S,1,train,,,,
DCX||R178C,DCX,R178C,0,train,,,,
DDB2||K244E,DDB2,K244E,0,validation,,,0.55531114,0.56505543
DDB2||L350P,DDB2,L350P,0,validation,,,0.5324879,0.40217578
DDB2||R273H,DDB2,R273H,0,validation,,,0.45486385,0.2697704
DFNB59||G292R,DFNB59,G292R,0,train,,,,
DFNB59||R265C,DFNB59,R265C,0,train,,,,
DFNB59||T54I,DFNB59,T54I,0,train,,,,
DGUOK||D255Y,DGUOK,D255Y,0,train,,,,
DGUOK||K51Q,DGUOK,K51Q,0,train,,,,
DGUOK||R142K,DGUOK,R142K,0,train,,,,
DGUOK||S107P,DGUOK,S107P,0,train,,,,
DISC1||R37W,DISC1,R37W,0,train,,,,
DKC1||F36V,DKC1,F36V,1,train,,,,
DKC1||R158W,DKC1,R158W,0,train,,,,
DLD||E375K,DLD,E375K,0,validation,,,0.46756178,0.14918013
DLD||G229C,DLD,G229C,0,validation,,,0.47853634,0.16525716
DLD||I393T,DLD,I393T,0,validation,,,0.429533,0.20918101
DLD||K72E,DLD,K72E,0,validation,,,0.4181832,0.15434606
DMC1||M200V,DMC1,M200V,0,train,,,,
DMD||A3421V,DMD,A3421V,0,train,,,,
DMD||C3207R,DMD,C3207R,1,train,,,,
DMD||D3187G,DMD,D3187G,1,train,,,,
DMD||D3335H,DMD,D3335H,0,train,,,,
DNM2||E368K,DNM2,E368K,1,train,,,,
DPM1||R92G,DPM1,R92G,0,train,,,,
DPYS||G278D,DPYS,G278D,0,train,,,,
DPYS||Q334R,DPYS,Q334R,0,train,,,,
DPYS||R412M,DPYS,R412M,0,train,,,,
DRD1||A229T,DRD1,A229T,0,train,,,,
DRD1||S199A,DRD1,S199A,0,train,,,,
DRD1||T37P,DRD1,T37P,1,train,,,,
DRD1||T37R,DRD1,T37R,1,train,,,,
DRD2||P310S,DRD2,P310S,0,train,,,,
DRD2||P319P,DRD2,P319P,0,train,,,,
DRD2||S311C,DRD2,S311C,0,train,,,,
DRD2||V154I,DRD2,V154I,0,train,,,,
DTNBP1||P272S,DTNBP1,P272S,0,train,,,,
DYM||C542R,DYM,C542R,0,train,,,,
DYM||E87K,DYM,E87K,0,train,,,,
DYM||N469Y,DYM,N469Y,0,train,,,,
EBP||E80K,EBP,E80K,1,train,,,,
EBP||G157S,EBP,G157S,1,train,,,,
EBP||L18P,EBP,L18P,1,train,,,,
EBP||W196S,EBP,W196S,0,train,,,,
EDN3||A17T,EDN3,A17T,0,validation,,,0.37219977,0.04721876
EDN3||A224T,EDN3,A224T,1,validation,,,0.384902,0.034749072
EDN3||C159F,EDN3,C159F,0,validation,,,0.49544066,0.30894527
EDN3||E48D,EDN3,E48D,0,validation,,,0.38604015,0.10099679
EDNRB||M132I,EDNRB,M132I,0,train,,,,
EDNRB||R434C,EDNRB,R434C,0,train,,,,
EDNRB||V111E,EDNRB,V111E,0,train,,,,
EDNRB||W276C,EDNRB,W276C,0,train,,,,
EFEMP1||R345W,EFEMP1,R345W,0,train,,,,
EFHC1||P77T,EFHC1,P77T,0,train,,,,
EFHC1||R221H,EFHC1,R221H,1,train,,,,
EFHC1||T508R,EFHC1,T508R,0,train,,,,
EGR2||E412K,EGR2,E412K,0,train,,,,
EGR2||I268N,EGR2,I268N,0,train,,,,
EIF2B1||P278R,EIF2B1,P278R,0,train,,,,
EIF2B1||V183F,EIF2B1,V183F,0,train,,,,
EIF2B1||Y275C,EIF2B1,Y275C,0,train,,,,
EIF2B2||E213G,EIF2B2,E213G,0,train,,,,
EIF2B2||G200A,EIF2B2,G200A,0,train,,,,
EIF2B2||V316D,EIF2B2,V316D,0,train,,,,
EIF2B4||A390D,EIF2B4,A390D,0,train,,,,
ELANE||A61V,ELANE,A61V,1,train,,,,
ELANE||C151S,ELANE,C151S,1,train,,,,
ELANE||G210V,ELANE,G210V,1,train,,,,
EPB42||A112T,EPB42,A112T,0,train,,,,
EPB42||R280Q,EPB42,R280Q,0,train,,,,
EPB42||R287C,EPB42,R287C,0,train,,,,
EPHX1||H139R,EPHX1,H139R,1,train,,,,
EPHX1||R43T,EPHX1,R43T,0,train,,,,
EPHX1||Y113H,EPHX1,Y113H,0,train,,,,
EPHX2||C154Y,EPHX2,C154Y,0,validation,,,0.4191644,0.11593029
EPHX2||E470G,EPHX2,E470G,0,validation,,,0.461578,0.17849223
EPHX2||R287Q,EPHX2,R287Q,0,validation,,,0.4175364,0.12159743
EPM2A||G279S,EPM2A,G279S,0,train,,,,
EPM2A||L310W,EPM2A,L310W,0,train,,,,
EPM2A||Y294N,EPM2A,Y294N,0,train,,,,
ERAP1||I276M,ERAP1,I276M,0,validation,,,0.49286646,0.102886915
ERCC1||F231L,ERCC1,F231L,0,train,,,,
ERCC3||K449R,ERCC3,K449R,0,train,,,,
ERMAP||E47K,ERMAP,E47K,0,train,,,,
ERMAP||G57R,ERMAP,G57R,0,train,,,,
ERMAP||P60A,ERMAP,P60A,0,train,,,,
ETFA||F144S,ETFA,F144S,0,train,,,,
ETFA||L212P,ETFA,L212P,0,train,,,,
ETFA||T266M,ETFA,T266M,0,train,,,,
ETHE1||L55P,ETHE1,L55P,1,validation,,,0.5118247,0.24138623
EXT1||D164H,EXT1,D164H,0,test,0.4778168499469757,0.12444324791431427,,
EXT1||G339D,EXT1,G339D,0,test,0.49002569913864136,0.3836248517036438,,
EXT1||P496L,EXT1,P496L,0,test,0.46379554271698,0.21669010818004608,,
EXT1||Q27K,EXT1,Q27K,0,test,0.39184993505477905,0.21493861079216003,,
EXT2||A150T,EXT2,A150T,0,train,,,,
EXT2||D227N,EXT2,D227N,0,train,,,,
EXT2||E576K,EXT2,E576K,0,train,,,,
EXT2||I380T,EXT2,I380T,0,train,,,,
EYA1||R440Q,EYA1,R440Q,0,train,,,,
EYA1||T55M,EYA1,T55M,0,train,,,,
EYA1||Y527N,EYA1,Y527N,0,train,,,,
F10||E54G,F10,E54G,0,test,0.4761383831501007,0.30618101358413696,,
F10||R182M,F10,R182M,0,test,0.4610237777233124,0.16001053154468536,,
F10||R366C,F10,R366C,0,test,0.4678608775138855,0.2046499103307724,,
F10||V382A,F10,V382A,0,test,0.45734548568725586,0.19158796966075897,,
F11||F301L,F11,F301L,0,train,,,,
F11||L360P,F11,L360P,0,train,,,,
F11||Q47H,F11,Q47H,0,train,,,,
F11||V516M,F11,V516M,0,train,,,,
F12||C590S,F12,C590S,0,train,,,,
F12||W505C,F12,W505C,0,train,,,,
F9||C170Y,F9,C170Y,0,train,,,,
F9||C407R,F9,C407R,0,train,,,,
F9||E27K,F9,E27K,0,train,,,,
F9||I210T,F9,I210T,0,train,,,,
FABP1||T94A,FABP1,T94A,1,train,,,,
FANCD2||L231R,FANCD2,L231R,0,train,,,,
FANCG||G546R,FANCG,G546R,0,train,,,,
FANCG||T297I,FANCG,T297I,0,train,,,,
FAS||E256G,FAS,E256G,0,train,,,,
FAS||H111P,FAS,H111P,0,train,,,,
FAS||T74T,FAS,T74T,0,train,,,,
FASLG||R156G,FASLG,R156G,0,train,,,,
FBLN5||G412E,FBLN5,G412E,0,train,,,,
FBLN5||Q124P,FBLN5,Q124P,0,train,,,,
FBLN5||S227P,FBLN5,S227P,1,train,,,,
FBLN5||V60L,FBLN5,V60L,1,train,,,,
FBP1||G260R,FBP1,G260R,0,validation,,,0.45850933,0.1027924
FBXO7||R378G,FBXO7,R378G,0,train,,,,
FCAR||D113N,FCAR,D113N,0,train,,,,
FCAR||R108R,FCAR,R108R,0,train,,,,
FCGR2B||I232T,FCGR2B,I232T,0,train,,,,
FCGR3A||L102H,FCGR3A,L102H,0,train,,,,
FCGR3A||L102R,FCGR3A,L102R,0,train,,,,
FECH||E178K,FECH,E178K,1,train,,,,
FECH||G55C,FECH,G55C,0,train,,,,
FECH||S264L,FECH,S264L,0,train,,,,
FECH||V362G,FECH,V362G,0,train,,,,
FFAR1||D175N,FFAR1,D175N,0,train,,,,
FFAR1||G180S,FFAR1,G180S,0,train,,,,
FGA||E559V,FGA,E559V,0,train,,,,
FGA||S453N,FGA,S453N,0,train,,,,
FGB||A365T,FGB,A365T,0,test,0.36278292536735535,0.09684009850025177,,
FGB||H97L,FGB,H97L,0,test,0.4195452630519867,0.16946324706077576,,
FGB||L202Q,FGB,L202Q,0,test,0.4943167269229889,0.12630946934223175,,
FGB||L383R,FGB,L383R,0,test,0.48388659954071045,0.2053837925195694,,
FGF10||C106F,FGF10,C106F,1,test,0.5215780138969421,0.40566274523735046,,
FGF10||G138E,FGF10,G138E,1,test,0.4829014241695404,0.6580060124397278,,
FGF10||I156R,FGF10,I156R,1,test,0.5060514211654663,0.7267009019851685,,
FGF10||R80S,FGF10,R80S,0,test,0.5362291932106018,0.6876407861709595,,
FGF14||F145S,FGF14,F145S,1,train,,,,
FGF8||H14N,FGF8,H14N,0,train,,,,
FGF8||P197R,FGF8,P197R,0,train,,,,
FGFR1||R622G,FGFR1,R622G,0,train,,,,
FGFR1||V607M,FGFR1,V607M,1,train,,,,
FGFR1||W666R,FGFR1,W666R,0,train,,,,
FGFR2||A648T,FGFR2,A648T,0,train,,,,
FGFR2||E565G,FGFR2,E565G,0,train,,,,
FGFR2||K641R,FGFR2,K641R,0,train,,,,
FGFR2||N549H,FGFR2,N549H,0,train,,,,
FGFR2||Q289P,FGFR2,Q289P,1,train,,,,
FGFR2||S267F,FGFR2,S267F,1,train,,,,
FGFR2||Y328C,FGFR2,Y328C,0,train,,,,
FGG||A108G,FGG,A108G,0,validation,,,0.40941352,0.14207235
FGG||C165Y,FGG,C165Y,0,validation,,,0.42888403,0.43597278
FGG||D356V,FGG,D356V,0,validation,,,0.4443089,0.13909802
FGG||G318V,FGG,G318V,0,validation,,,0.42605677,0.084323846
FHL1||C101F,FHL1,C101F,0,train,,,,
FHL1||C153Y,FHL1,C153Y,0,train,,,,
FHL1||C224W,FHL1,C224W,0,train,,,,
FHL1||W122S,FHL1,W122S,0,train,,,,
FKBP6||F72L,FKBP6,F72L,0,train,,,,
FLCN||R239C,FLCN,R239C,0,train,,,,
FLT4||H1035R,FLT4,H1035R,1,train,,,,
FLT4||L1044P,FLT4,L1044P,1,train,,,,
FLT4||P1114L,FLT4,P1114L,1,train,,,,
FMO1||I303T,FMO1,I303T,0,train,,,,
FMO1||I303V,FMO1,I303V,0,train,,,,
FMO2||D36G,FMO2,D36G,0,train,,,,
FMO2||F182S,FMO2,F182S,0,train,,,,
FMO2||R238Q,FMO2,R238Q,0,train,,,,
FMO2||R391T,FMO2,R391T,0,train,,,,
FMO3||D132H,FMO3,D132H,0,train,,,,
FMO3||G503R,FMO3,G503R,0,train,,,,
FMO3||L360P,FMO3,L360P,0,train,,,,
FMO3||P153L,FMO3,P153L,0,train,,,,
FOXA3||G91R,FOXA3,G91R,0,train,,,,
FOXD4||W148R,FOXD4,W148R,0,train,,,,
FOXI1||G335V,FOXI1,G335V,0,test,0.45180708169937134,0.27872729301452637,,
FOXP3||I363V,FOXP3,I363V,0,train,,,,
FOXP3||L242P,FOXP3,L242P,0,train,,,,
FOXP3||P187L,FOXP3,P187L,0,train,,,,
FOXP3||Q70H,FOXP3,Q70H,0,train,,,,
FPR1||C126W,FPR1,C126W,0,test,0.47156715393066406,0.4436085820198059,,
FPR1||F110S,FPR1,F110S,0,test,0.5140349268913269,0.4658397436141968,,
FPR1||I11T,FPR1,I11T,0,test,0.4101974368095398,0.09673916548490524,,
FPR1||V101L,FPR1,V101L,0,test,0.40440818667411804,0.14572039246559143,,
FSHB||C69G,FSHB,C69G,1,train,,,,
FSHB||C100R,FSHB,C100R,0,train,,,,
FSHR||A419T,FSHR,A419T,1,train,,,,
FSHR||D567N,FSHR,D567N,0,train,,,,
FSHR||T449I,FSHR,T449I,1,train,,,,
FSHR||V221G,FSHR,V221G,0,train,,,,
FTL||A96T,FTL,A96T,0,train,,,,
FTL||H133P,FTL,H133P,0,train,,,,
FTL||R40G,FTL,R40G,0,train,,,,
FTL||T30I,FTL,T30I,0,train,,,,
FUCA1||G65D,FUCA1,G65D,0,train,,,,
FUCA1||L410R,FUCA1,L410R,0,train,,,,
FUCA1||N334Y,FUCA1,N334Y,0,train,,,,
FUCA1||S68L,FUCA1,S68L,0,train,,,,
FUT1||G90V,FUT1,G90V,0,train,,,,
FUT1||L164H,FUT1,L164H,0,train,,,,
FUT3||I356K,FUT3,I356K,0,validation,,,0.505693,0.3157472
FUT3||L20R,FUT3,L20R,0,validation,,,0.5568801,0.769037
FUT3||S124A,FUT3,S124A,0,validation,,,0.40742958,0.18150997
FUT7||R110Q,FUT7,R110Q,0,validation,,,0.4977503,0.21270253
FXN||L106S,FXN,L106S,0,test,0.5115451216697693,0.22780479490756989,,
FXN||R165C,FXN,R165C,0,test,0.5280266404151917,0.4289678931236267,,
FZD4||M105V,FZD4,M105V,0,validation,,,0.48762795,0.5861042
FZD4||R417Q,FZD4,R417Q,0,validation,,,0.5017967,0.5977114
FZD4||W335C,FZD4,W335C,0,validation,,,0.49450985,0.55943406
G6PC||G222R,G6PC,G222R,0,train,,,,
G6PC||P113L,G6PC,P113L,1,train,,,,
G6PC||R83C,G6PC,R83C,1,train,,,,
G6PC||V338F,G6PC,V338F,1,train,,,,
G6PC3||G260R,G6PC3,G260R,1,train,,,,
G6PC3||G262R,G6PC3,G262R,0,train,,,,
GABBR1||G489S,GABBR1,G489S,0,train,,,,
GABRA6||R46W,GABRA6,R46W,0,train,,,,
GABRD||R220C,GABRD,R220C,0,test,0.4465322196483612,0.34747201204299927,,
GABRG2||K328M,GABRG2,K328M,1,validation,,,0.53463495,0.4929431
GABRG2||R177G,GABRG2,R177G,0,validation,,,0.48889175,0.58045036
GAD1||S12C,GAD1,S12C,0,train,,,,
GALE||G319E,GALE,G319E,0,train,,,,
GALE||G90E,GALE,G90E,0,train,,,,
GALE||N34S,GALE,N34S,0,train,,,,
GALNS||G116S,GALNS,G116S,0,train,,,,
GALNS||S295F,GALNS,S295F,0,train,,,,
GALT||G175D,GALT,G175D,0,train,,,,
GALT||H319Q,GALT,H319Q,0,train,,,,
GALT||R272H,GALT,R272H,0,train,,,,
GALT||Y34N,GALT,Y34N,0,train,,,,
GAMT||D135Y,GAMT,D135Y,0,train,,,,
GAMT||T209M,GAMT,T209M,0,train,,,,
GAN||A51P,GAN,A51P,0,train,,,,
GAN||C570Y,GAN,C570Y,0,train,,,,
GAN||E169K,GAN,E169K,0,train,,,,
GAN||E486K,GAN,E486K,0,train,,,,
GAN||G368R,GAN,G368R,0,train,,,,
GAN||I182N,GAN,I182N,0,train,,,,
GAN||I423T,GAN,I423T,0,train,,,,
GAN||I86F,GAN,I86F,0,train,,,,
GAN||L309R,GAN,L309R,0,train,,,,
GAN||L75H,GAN,L75H,0,train,,,,
GAN||P315L,GAN,P315L,0,train,,,,
GAN||R15S,GAN,R15S,0,train,,,,
GAN||R269Q,GAN,R269Q,0,train,,,,
GAN||Y299C,GAN,Y299C,0,train,,,,
GATA1||D218G,GATA1,D218G,0,train,,,,
GATA1||V205M,GATA1,V205M,0,train,,,,
GBA||L224F,GBA,L224F,0,train,,,,
GBA||L483P,GBA,L483P,0,train,,,,
GBA||R296Q,GBA,R296Q,0,train,,,,
GBA||V54L,GBA,V54L,0,train,,,,
GC||D432E,GC,D432E,0,train,,,,
GC||T436K,GC,T436K,0,train,,,,
GCDH||E181Q,GCDH,E181Q,0,train,,,,
GCDH||R402Q,GCDH,R402Q,0,train,,,,
GCDH||W50C,GCDH,W50C,0,train,,,,
GCDH||Y295H,GCDH,Y295H,0,train,,,,
GCKR||R518Q,GCKR,R518Q,0,train,,,,
GCLC||H370L,GCLC,H370L,0,train,,,,
GCLC||P158L,GCLC,P158L,0,train,,,,
GCLC||P414L,GCLC,P414L,0,train,,,,
GCLC||R127C,GCLC,R127C,0,train,,,,
GCNT2||G350E,GCNT2,G350E,0,train,,,,
GCNT2||R383H,GCNT2,R383H,0,train,,,,
GDAP1||L239F,GDAP1,L239F,0,validation,,,0.5054305,0.12632154
GDAP1||M116T,GDAP1,M116T,0,validation,,,0.35430378,0.08238539
GDAP1||R161H,GDAP1,R161H,0,validation,,,0.519122,0.29349864
GDAP1||R310Q,GDAP1,R310Q,0,validation,,,0.44608828,0.13774028
GDF5||C400Y,GDF5,C400Y,0,validation,,,0.505155,0.47987136
GDF5||M173V,GDF5,M173V,0,validation,,,0.48204362,0.27690858
GDF9||P103S,GDF9,P103S,0,train,,,,
GDF9||P374L,GDF9,P374L,0,train,,,,
GDF9||T238A,GDF9,T238A,0,train,,,,
GDF9||V216M,GDF9,V216M,0,train,,,,
GDI1||L92P,GDI1,L92P,0,train,,,,
GDI1||R423P,GDI1,R423P,0,train,,,,
GDNF||D150N,GDNF,D150N,0,train,,,,
GDNF||P21S,GDNF,P21S,0,train,,,,
GFAP||E207Q,GFAP,E207Q,0,train,,,,
GFAP||E374G,GFAP,E374G,1,train,,,,
GFAP||P47L,GFAP,P47L,0,train,,,,
GFAP||R258P,GFAP,R258P,1,train,,,,
GGCX||L394R,GGCX,L394R,1,train,,,,
GGCX||W157R,GGCX,W157R,1,train,,,,
GGH||T151I,GGH,T151I,0,test,0.45512712001800537,0.13293255865573883,,
GIF||I220T,GIF,I220T,0,train,,,,
GIF||S46L,GIF,S46L,0,train,,,,
GJA1||E352G,GJA1,E352G,0,train,,,,
GJA1||I130T,GJA1,I130T,0,train,,,,
GJD2||S196S,GJD2,S196S,0,train,,,,
GK||C262R,GK,C262R,0,train,,,,
GK||D446V,GK,D446V,0,train,,,,
GK||T284M,GK,T284M,0,train,,,,
GLE1||I684T,GLE1,I684T,0,train,,,,
GLE1||R569H,GLE1,R569H,0,train,,,,
GLE1||V617M,GLE1,V617M,0,train,,,,
GLUL||R324C,GLUL,R324C,0,train,,,,
GLUL||R341C,GLUL,R341C,0,train,,,,
GNAT1||G38D,GNAT1,G38D,0,train,,,,
GNAT1||Q200E,GNAT1,Q200E,0,train,,,,
GNMT||H177N,GNMT,H177N,0,train,,,,
GNMT||L49P,GNMT,L49P,0,train,,,,
GNMT||N141S,GNMT,N141S,0,train,,,,
GNRHR||Q106R,GNRHR,Q106R,1,train,,,,
GNRHR||Q11K,GNRHR,Q11K,0,train,,,,
GNRHR||S217R,GNRHR,S217R,1,train,,,,
GNRHR||Y284C,GNRHR,Y284C,0,train,,,,
GPAM||E131G,GPAM,E131G,0,train,,,,
GPC3||G556R,GPC3,G556R,0,train,,,,
GPC3||W296R,GPC3,W296R,0,train,,,,
GPIHBP1||G56R,GPIHBP1,G56R,0,train,,,,
GPIHBP1||Q115P,GPIHBP1,Q115P,0,train,,,,
GPX1||P200L,GPX1,P200L,0,train,,,,
GRN||P248L,GRN,P248L,0,train,,,,
GRPR||C6S,GRPR,C6S,0,train,,,,
GSS||R283C,GSS,R283C,0,train,,,,
GSTA2||P110S,GSTA2,P110S,0,train,,,,
GSTO1||A236V,GSTO1,A236V,0,train,,,,
GSTT1||D43N,GSTT1,D43N,0,train,,,,
GSTT1||T104P,GSTT1,T104P,0,train,,,,
GSTT1||T65M,GSTT1,T65M,0,train,,,,
GTF2H5||L21P,GTF2H5,L21P,0,train,,,,
GUSB||L243P,GUSB,L243P,0,train,,,,
GUSB||P148S,GUSB,P148S,0,train,,,,
GUSB||R382C,GUSB,R382C,0,train,,,,
GUSB||Y626H,GUSB,Y626H,0,train,,,,
HABP2||G534E,HABP2,G534E,0,train,,,,
HADHA||E510Q,HADHA,E510Q,0,train,,,,
HADHA||R676C,HADHA,R676C,0,train,,,,
HADHA||V282D,HADHA,V282D,0,train,,,,
HADHB||A326P,HADHB,A326P,0,train,,,,
HADHB||H379R,HADHB,H379R,1,train,,,,
HADHB||R61H,HADHB,R61H,1,train,,,,
HADHB||T133P,HADHB,T133P,0,train,,,,
HAL||R322P,HAL,R322P,0,train,,,,
HBB||A116D,HBB,A116D,0,train,,,,
HBB||D53G,HBB,D53G,0,train,,,,
HBB||L32P,HBB,L32P,0,train,,,,
HCCS||E159K,HCCS,E159K,0,test,0.4704844653606415,0.22730082273483276,,
HCCS||R217C,HCCS,R217C,0,test,0.4720951020717621,0.2691357135772705,,
HCRTR1||I408V,HCRTR1,I408V,0,train,,,,
HEXA||L484P,HEXA,L484P,0,validation,,,0.48980615,0.32033476
HEXA||R178H,HEXA,R178H,0,validation,,,0.49345514,0.43424368
HEXA||S4P,HEXA,S4P,0,validation,,,0.43095136,0.16181116
HFE||E168Q,HFE,E168Q,0,test,0.3870640993118286,0.09517022222280502,,
HFE||H63D,HFE,H63D,0,test,0.44877690076828003,0.25539442896842957,,
HFE||Q283P,HFE,Q283P,0,test,0.45346885919570923,0.3363656997680664,,
HIF1AN||P41A,HIF1AN,P41A,0,test,0.4673613905906677,0.2557750344276428,,
HK1||L529S,HK1,L529S,0,train,,,,
HK1||T680S,HK1,T680S,0,train,,,,
HLA-DPB1||K98E,HLA-DPB1,K98E,0,train,,,,
HLCS||E42D,HLCS,E42D,0,train,,,,
HLCS||L237P,HLCS,L237P,0,train,,,,
HLCS||V547G,HLCS,V547G,0,train,,,,
HMBS||D61N,HMBS,D61N,0,train,,,,
HMBS||D99G,HMBS,D99G,0,train,,,,
HMBS||E209K,HMBS,E209K,0,train,,,,
HMBS||G274R,HMBS,G274R,0,train,,,,
HMGCL||R165Q,HMGCL,R165Q,0,train,,,,
HMGCL||S142F,HMGCL,S142F,0,train,,,,
HMGCL||V70L,HMGCL,V70L,0,train,,,,
HMGCS2||F174L,HMGCS2,F174L,0,train,,,,
HMGCS2||V54M,HMGCS2,V54M,1,train,,,,
HNF4A||C102W,HNF4A,C102W,0,train,,,,
HNF4A||D215Y,HNF4A,D215Y,0,train,,,,
HNF4A||E285D,HNF4A,E285D,0,train,,,,
HNF4A||M373R,HNF4A,M373R,0,train,,,,
HNF4A||R333H,HNF4A,R333H,0,train,,,,
HNF4A||V264M,HNF4A,V264M,0,train,,,,
HNMT||T105I,HNMT,T105I,0,train,,,,
HPD||A268V,HPD,A268V,0,train,,,,
HPD||Y160C,HPD,Y160C,0,train,,,,
HPGD||A140P,HPGD,A140P,0,test,0.5197387933731079,0.12612910568714142,,
HPGD||S193P,HPGD,S193P,0,test,0.4918338656425476,0.2862168252468109,,
HPS1||L239P,HPS1,L239P,0,train,,,,
HPS5||L624R,HPS5,L624R,0,train,,,,
HRAS||A146V,HRAS,A146V,0,test,0.5040823817253113,0.21071045100688934,,
HRAS||E63K,HRAS,E63K,0,test,0.5001375675201416,0.5567365884780884,,
HRAS||H27H,HRAS,H27H,0,test,0.3772972822189331,0.09702286869287491,,
HRH2||N217D,HRH2,N217D,0,train,,,,
HSD17B10||L122V,HSD17B10,L122V,0,validation,,,0.4596486,0.30662388
HSD17B10||N247S,HSD17B10,N247S,0,validation,,,0.52181596,0.05631476
HSD17B10||R130C,HSD17B10,R130C,0,validation,,,0.5015354,0.40787998
HSD17B3||A56T,HSD17B3,A56T,0,train,,,,
HSD17B3||G289S,HSD17B3,G289S,0,train,,,,
HSD17B3||Q176P,HSD17B3,Q176P,0,train,,,,
HSD17B3||R80Q,HSD17B3,R80Q,0,train,,,,
HSD17B4||G242E,HSD17B4,G242E,0,train,,,,
HSD17B4||R506H,HSD17B4,R506H,0,train,,,,
HSD17B4||S153L,HSD17B4,S153L,0,train,,,,
HSPB8||K141E,HSPB8,K141E,0,validation,,,0.5219565,0.38042474
HSPB8||T194T,HSPB8,T194T,0,validation,,,0.37729728,0.09445315
HTR1B||F124C,HTR1B,F124C,1,train,,,,
HTR3A||A33T,HTR3A,A33T,0,train,,,,
HTR3A||M257I,HTR3A,M257I,0,train,,,,
HTR3A||P391R,HTR3A,P391R,0,train,,,,
HTR3A||R344H,HTR3A,R344H,0,train,,,,
HYLS1||D211G,HYLS1,D211G,0,train,,,,
ICAM1||G241R,ICAM1,G241R,0,train,,,,
ICK||R272Q,ICK,R272Q,1,train,,,,
IDH3B||L132P,IDH3B,L132P,0,train,,,,
IFNA17||I184R,IFNA17,I184R,0,train,,,,
IFNAR1||V168L,IFNAR1,V168L,0,train,,,,
IFT80||H105Q,IFT80,H105Q,0,train,,,,
IGFBP5||R138W,IGFBP5,R138W,0,train,,,,
IHH||E131K,IHH,E131K,0,test,0.5073715448379517,0.5109940767288208,,
IHH||T154I,IHH,T154I,0,test,0.5415496230125427,0.6107637286186218,,
IHH||V190A,IHH,V190A,0,test,0.4824332892894745,0.45076215267181396,,
IL10||G15R,IL10,G15R,0,train,,,,
IL10RA||S159G,IL10RA,S159G,0,train,,,,
IL12RB1||C186S,IL12RB1,C186S,1,train,,,,
IL12RB1||C198R,IL12RB1,C198R,0,train,,,,
IL12RB1||L77P,IL12RB1,L77P,0,train,,,,
IL12RB1||R173P,IL12RB1,R173P,1,train,,,,
IL18||S35S,IL18,S35S,0,validation,,,0.37729728,0.09963711
IL1A||S113A,IL1A,S113A,0,train,,,,
IL1B||F105F,IL1B,F105F,0,test,0.3772972822189331,0.12304406613111496,,
IL2RG||R285Q,IL2RG,R285Q,0,train,,,,
IL2RG||S108P,IL2RG,S108P,1,train,,,,
IL2RG||W237R,IL2RG,W237R,1,train,,,,
IL7R||C74Y,IL7R,C74Y,1,train,,,,
IL7R||L55Q,IL7R,L55Q,1,train,,,,
IL7R||P132S,IL7R,P132S,1,train,,,,
IL9||T117M,IL9,T117M,0,test,0.4086245596408844,0.09762412309646606,,
IMPDH2||L263F,IMPDH2,L263F,0,train,,,,
INHA||A182D,INHA,A182D,0,train,,,,
INHA||A257T,INHA,A257T,0,train,,,,
INS||F48L,INS,F48L,0,train,,,,
INS||G84R,INS,G84R,0,train,,,,
INS||G90C,INS,G90C,0,train,,,,
INS||R55C,INS,R55C,0,train,,,,
INSL3||R102C,INSL3,R102C,0,train,,,,
INSL3||R105H,INSL3,R105H,0,train,,,,
INSR||A1161T,INSR,A1161T,0,train,,,,
INSR||R1201Q,INSR,R1201Q,0,train,,,,
INSR||W1227S,INSR,W1227S,1,train,,,,
ISYNA1||L343L,ISYNA1,L343L,0,train,,,,
ITGB2||C590R,ITGB2,C590R,0,test,0.5071232914924622,0.5121109485626221,,
ITGB2||S138P,ITGB2,S138P,0,test,0.5357410907745361,0.3838154673576355,,
ITIH3||P36P,ITIH3,P36P,0,train,,,,
ITK||R335W,ITK,R335W,0,train,,,,
JAK2||V617F,JAK2,V617F,0,train,,,,
KCNA1||F414C,KCNA1,F414C,0,train,,,,
KCNA1||V174F,KCNA1,V174F,0,train,,,,
KCNE1||D76N,KCNE1,D76N,0,test,0.4118651747703552,0.3173271417617798,,
KCNE1||W87R,KCNE1,W87R,0,test,0.415519654750824,0.287322461605072,,
KCNE2||F60L,KCNE2,F60L,0,train,,,,
KCNE2||Q9E,KCNE2,Q9E,0,train,,,,
KCNE2||V65M,KCNE2,V65M,0,train,,,,
KCNE3||R83H,KCNE3,R83H,0,train,,,,
KCNE3||T4A,KCNE3,T4A,0,train,,,,
KCNE3||V17M,KCNE3,V17M,0,train,,,,
KCNJ1||A214V,KCNJ1,A214V,0,train,,,,
KCNJ1||I142T,KCNJ1,I142T,0,train,,,,
KCNJ1||K45E,KCNJ1,K45E,0,train,,,,
KCNJ1||R311Q,KCNJ1,R311Q,0,train,,,,
KCNJ10||G77R,KCNJ10,G77R,0,train,,,,
KCNJ10||P194H,KCNJ10,P194H,0,train,,,,
KCNJ10||R348C,KCNJ10,R348C,0,train,,,,
KCNJ10||R65P,KCNJ10,R65P,0,train,,,,
KCNJ11||L147P,KCNJ11,L147P,0,train,,,,
KCNJ11||R201H,KCNJ11,R201H,0,train,,,,
KCNJ11||V59A,KCNJ11,V59A,0,train,,,,
KCNJ13||R162W,KCNJ13,R162W,0,test,0.48319104313850403,0.7623752951622009,,
KCNK9||G236R,KCNK9,G236R,0,test,0.4374995827674866,0.2551988661289215,,
KCNQ2||A196V,KCNQ2,A196V,0,train,,,,
KCNQ2||S122L,KCNQ2,S122L,0,train,,,,
KCNQ2||Y284C,KCNQ2,Y284C,0,train,,,,
KCNV2||G459D,KCNV2,G459D,0,train,,,,
KCNV2||L126Q,KCNV2,L126Q,0,train,,,,
KCNV2||R213P,KCNV2,R213P,0,train,,,,
KEL||L597P,KEL,L597P,1,train,,,,
KEL||R130W,KEL,R130W,0,train,,,,
KEL||R406Q,KEL,R406Q,0,train,,,,
KEL||T193M,KEL,T193M,0,train,,,,
KERA||N131D,KERA,N131D,0,train,,,,
KERA||N247S,KERA,N247S,0,train,,,,
KERA||T215K,KERA,T215K,0,train,,,,
KHK||A43T,KHK,A43T,0,test,0.4109913408756256,0.2349131554365158,,
KHK||G40R,KHK,G40R,0,test,0.5575624108314514,0.31488215923309326,,
KIF6||W719R,KIF6,W719R,0,train,,,,
KLHL10||A313T,KLHL10,A313T,0,test,0.3621782660484314,0.06095809116959572,,
KLHL10||Q216P,KLHL10,Q216P,0,test,0.42984864115715027,0.08541486412286758,,
KLK1||R77H,KLK1,R77H,0,train,,,,
KLKB1||A210E,KLKB1,A210E,0,train,,,,
KLKB1||C548Y,KLKB1,C548Y,0,train,,,,
KLKB1||G123R,KLKB1,G123R,0,train,,,,
KNG1||M178T,KNG1,M178T,0,train,,,,
KRIT1||D137G,KRIT1,D137G,0,train,,,,
KRT13||L115P,KRT13,L115P,1,train,,,,
KRT18||G340R,KRT18,G340R,0,train,,,,
KRT18||H128L,KRT18,H128L,0,train,,,,
KRT18||Q285R,KRT18,Q285R,0,train,,,,
KRT18||T103A,KRT18,T103A,0,train,,,,
KRT2||I477N,KRT2,I477N,1,train,,,,
KRT2||N186K,KRT2,N186K,1,train,,,,
KRT2||Q181P,KRT2,Q181P,1,train,,,,
KRT6A||A463P,KRT6A,A463P,1,test,0.5023127198219299,0.5838319063186646,,
KRT6A||F174V,KRT6A,F174V,1,test,0.4827435612678528,0.5159779191017151,,
KRT6A||N171K,KRT6A,N171K,1,test,0.5354323983192444,0.5847576260566711,,
KRT8||R341H,KRT8,R341H,1,train,,,,
KRT8||V380I,KRT8,V380I,0,train,,,,
L2HGDH||G211V,L2HGDH,G211V,0,train,,,,
L2HGDH||G55D,L2HGDH,G55D,0,train,,,,
L2HGDH||H98R,L2HGDH,H98R,0,train,,,,
LARS2||H324Q,LARS2,H324Q,0,train,,,,
LBR||N547D,LBR,N547D,0,train,,,,
LDHB||W325R,LDHB,W325R,0,train,,,,
LDLRAP1||R238W,LDLRAP1,R238W,0,train,,,,
LEP||R105W,LEP,R105W,0,train,,,,
LEP||S141C,LEP,S141C,0,train,,,,
LEP||V110M,LEP,V110M,0,train,,,,
LFNG||F188L,LFNG,F188L,0,train,,,,
LHFPL5||T165M,LHFPL5,T165M,0,train,,,,
LHFPL5||Y127C,LHFPL5,Y127C,0,train,,,,
LHX4||L190R,LHX4,L190R,0,train,,,,
LHX4||P389T,LHX4,P389T,0,train,,,,
LHX4||R84C,LHX4,R84C,0,train,,,,
LIPA||G342W,LIPA,G342W,0,train,,,,
LIPA||Q85R,LIPA,Q85R,0,train,,,,
LIPC||N215S,LIPC,N215S,0,train,,,,
LIPC||T405M,LIPC,T405M,0,train,,,,
LIPG||I239T,LIPG,I239T,0,train,,,,
LIPG||M342V,LIPG,M342V,0,train,,,,
LIPG||N396S,LIPG,N396S,0,train,,,,
LIPG||T111I,LIPG,T111I,0,train,,,,
LRAT||S175R,LRAT,S175R,0,train,,,,
LRRK2||G2019S,LRRK2,G2019S,0,train,,,,
LTA||T60N,LTA,T60N,0,validation,,,0.3902553,0.1304695
LYZ||I74T,LYZ,I74T,0,train,,,,
MAGT1||V311G,MAGT1,V311G,0,train,,,,
MAP2K1||Y130C,MAP2K1,Y130C,0,validation,,,0.5085011,0.5058508
MAT1A||A55D,MAT1A,A55D,0,train,,,,
MAT1A||I322M,MAT1A,I322M,0,train,,,,
MAT1A||R199C,MAT1A,R199C,0,train,,,,
MBD4||E346K,MBD4,E346K,0,train,,,,
MBL2||R52C,MBL2,R52C,0,train,,,,
MC2R||C251F,MC2R,C251F,1,train,,,,
MC2R||H139Y,MC2R,H139Y,1,train,,,,
MC2R||L198P,MC2R,L198P,1,train,,,,
MC2R||S74I,MC2R,S74I,1,train,,,,
MCCC1||A289V,MCCC1,A289V,0,train,,,,
MCCC1||E134K,MCCC1,E134K,0,train,,,,
MCCC1||L437P,MCCC1,L437P,0,train,,,,
MCCC1||Q123H,MCCC1,Q123H,0,train,,,,
MCFD2||D81Y,MCFD2,D81Y,1,train,,,,
MCOLN1||D362Y,MCOLN1,D362Y,1,train,,,,
MCOLN1||F465L,MCOLN1,F465L,0,train,,,,
MECP2||R306H,MECP2,R306H,0,train,,,,
MECP2||S134F,MECP2,S134F,0,train,,,,
MEF2A||G283D,MEF2A,G283D,0,train,,,,
MEF2A||P279L,MEF2A,P279L,0,train,,,,
MFSD8||G52R,MFSD8,G52R,0,train,,,,
MFSD8||R233G,MFSD8,R233G,0,train,,,,
MFSD8||T294K,MFSD8,T294K,0,train,,,,
MID1||C266R,MID1,C266R,0,train,,,,
MID1||K370E,MID1,K370E,0,train,,,,
MID1||P151L,MID1,P151L,0,train,,,,
MLC1||A275D,MLC1,A275D,1,test,0.4617079198360443,0.28407594561576843,,
MLC1||G130R,MLC1,G130R,1,test,0.4272422790527344,0.24033261835575104,,
MLH1||A586D,MLH1,A586D,0,train,,,,
MLH1||G244D,MLH1,G244D,0,train,,,,
MLH1||R472I,MLH1,R472I,0,train,,,,
MLH1||S44F,MLH1,S44F,0,train,,,,
MMAA||G188R,MMAA,G188R,0,train,,,,
MMAA||L89P,MMAA,L89P,0,train,,,,
MMAA||R359Q,MMAA,R359Q,0,train,,,,
MMAB||A135T,MMAB,A135T,0,train,,,,
MMAB||I96T,MMAB,I96T,0,train,,,,
MMAB||R186Q,MMAB,R186Q,0,train,,,,
MMACHC||H122R,MMACHC,H122R,0,train,,,,
MMACHC||L116P,MMACHC,L116P,0,train,,,,
MMACHC||L193P,MMACHC,L193P,0,train,,,,
MMACHC||R206P,MMACHC,R206P,0,train,,,,
MMP10||G65R,MMP10,G65R,0,train,,,,
MMP13||F75S,MMP13,F75S,0,train,,,,
MMP2||R101H,MMP2,R101H,0,test,0.5293905735015869,0.5973962545394897,,
MPDU1||G73E,MPDU1,G73E,1,train,,,,
MPDU1||L119P,MPDU1,L119P,1,train,,,,
MPDU1||L74S,MPDU1,L74S,1,train,,,,
MPG||R60C,MPG,R60C,1,train,,,,
MPI||M51T,MPI,M51T,0,train,,,,
MPI||R418H,MPI,R418H,0,train,,,,
MSR1||D174Y,MSR1,D174Y,0,train,,,,
MSR1||K430R,MSR1,K430R,0,train,,,,
MSR1||P36A,MSR1,P36A,0,train,,,,
MSR1||S41Y,MSR1,S41Y,0,train,,,,
MST1||R689C,MST1,R689C,0,train,,,,
MTM1||H469R,MTM1,H469R,0,train,,,,
MTM1||N189S,MTM1,N189S,0,train,,,,
MTM1||V49F,MTM1,V49F,0,train,,,,
MTNR1A||A157V,MTNR1A,A157V,0,train,,,,
MUSK||V790M,MUSK,V790M,0,test,0.4899708032608032,0.3017924427986145,,
MVK||H20Q,MVK,H20Q,0,train,,,,
MVK||N205D,MVK,N205D,0,train,,,,
MVK||N301T,MVK,N301T,1,train,,,,
MVK||P167L,MVK,P167L,0,train,,,,
MYD88||L93P,MYD88,L93P,1,train,,,,
MYD88||R196C,MYD88,R196C,1,train,,,,
MYF6||A112S,MYF6,A112S,0,train,,,,
MYF6||A90D,MYF6,A90D,0,train,,,,
MYL2||A13T,MYL2,A13T,0,train,,,,
MYL2||G162R,MYL2,G162R,0,train,,,,
MYL2||R58Q,MYL2,R58Q,0,train,,,,
MYO1F||K552N,MYO1F,K552N,0,train,,,,
MYOZ2||S48P,MYOZ2,S48P,0,train,,,,
NAT1||V149I,NAT1,V149I,0,train,,,,
NCF1||G262S,NCF1,G262S,0,test,0.510097086429596,0.20666657388210297,,
NCF2||G78E,NCF2,G78E,0,train,,,,
NCF2||N419I,NCF2,N419I,0,train,,,,
NCF2||R395W,NCF2,R395W,0,train,,,,
NCF2||R77Q,NCF2,R77Q,0,train,,,,
NDP||C128R,NDP,C128R,0,train,,,,
NDP||I18K,NDP,I18K,1,train,,,,
NDP||S101F,NDP,S101F,0,train,,,,
NDP||Y44C,NDP,Y44C,0,train,,,,
NDUFA13||K5N,NDUFA13,K5N,0,train,,,,
NDUFAF1||T207P,NDUFAF1,T207P,0,train,,,,
NDUFAF4||L65P,NDUFAF4,L65P,0,train,,,,
NDUFS3||P223L,NDUFS3,P223L,0,validation,,,0.50843006,0.07978573
NDUFS7||R145H,NDUFS7,R145H,0,train,,,,
NDUFS7||V122M,NDUFS7,V122M,0,train,,,,
NDUFV1||C206G,NDUFV1,C206G,1,train,,,,
NDUFV1||T423M,NDUFV1,T423M,0,train,,,,
NELL1||R354W,NELL1,R354W,0,train,,,,
NEU1||G136E,NEU1,G136E,0,train,,,,
NEU1||L231H,NEU1,L231H,0,train,,,,
NEU1||L91R,NEU1,L91R,0,train,,,,
NEU1||R341G,NEU1,R341G,0,train,,,,
NEU2||R41Q,NEU2,R41Q,1,validation,,,0.47531554,0.16800164
NEUROD1||H241Q,NEUROD1,H241Q,0,train,,,,
NEUROD1||R111L,NEUROD1,R111L,0,train,,,,
NF2||L535P,NF2,L535P,1,train,,,,
NF2||N220Y,NF2,N220Y,0,train,,,,
NF2||R418C,NF2,R418C,0,train,,,,
NGF||R221W,NGF,R221W,0,train,,,,
NHLRC1||C26S,NHLRC1,C26S,0,train,,,,
NHLRC1||G194C,NHLRC1,G194C,0,train,,,,
NHLRC1||P366L,NHLRC1,P366L,0,train,,,,
NIPA1||A100T,NIPA1,A100T,0,validation,,,0.38154414,0.13977738
NIPA1||G106R,NIPA1,G106R,0,validation,,,0.5237783,0.22650497
NLGN3||R451C,NLGN3,R451C,1,train,,,,
NOD1||E266K,NOD1,E266K,0,train,,,,
NODAL||R183Q,NODAL,R183Q,0,validation,,,0.37395367,0.08619699
NPC2||N111K,NPC2,N111K,0,train,,,,
NPC2||S67P,NPC2,S67P,0,train,,,,
NPC2||V30M,NPC2,V30M,0,train,,,,
NPPA||V32M,NPPA,V32M,0,train,,,,
NR0B1||I361T,NR0B1,I361T,0,train,,,,
NR0B1||L381P,NR0B1,L381P,1,train,,,,
NR0B1||N440I,NR0B1,N440I,1,train,,,,
NR0B1||R425T,NR0B1,R425T,1,train,,,,
NR0B1||W105C,NR0B1,W105C,0,train,,,,
NR0B1||W291C,NR0B1,W291C,0,train,,,,
NR1H3||S99S,NR1H3,S99S,0,train,,,,
NR1I2||A370T,NR1I2,A370T,0,train,,,,
NR1I2||Q158K,NR1I2,Q158K,0,train,,,,
NR1I2||R122Q,NR1I2,R122Q,0,train,,,,
NR1I2||R98C,NR1I2,R98C,0,train,,,,
NR1I3||H250R,NR1I3,H250R,0,train,,,,
NR1I3||L312P,NR1I3,L312P,0,train,,,,
NR3C1||D401H,NR3C1,D401H,0,validation,,,0.35423487,0.03224489
NR3C1||D641V,NR3C1,D641V,0,validation,,,0.4075763,0.07948125
NR3C1||F737L,NR3C1,F737L,0,validation,,,0.43563524,0.09757845
NR3C1||I747M,NR3C1,I747M,0,validation,,,0.42218584,0.089013785
NR3C1||R23K,NR3C1,R23K,0,validation,,,0.38457194,0.14921452
NR3C1||V571A,NR3C1,V571A,0,validation,,,0.44013682,0.1535041
NR3C1||V729I,NR3C1,V729I,0,validation,,,0.38514093,0.093402825
NR5A1||R84H,NR5A1,R84H,0,train,,,,
NR5A1||R92Q,NR5A1,R92Q,0,train,,,,
NR5A1||V355M,NR5A1,V355M,0,train,,,,
NSDHL||A105V,NSDHL,A105V,0,train,,,,
NSDHL||G205S,NSDHL,G205S,0,train,,,,
NUDT6||R209Q,NUDT6,R209Q,0,train,,,,
OLFM2||A226A,OLFM2,A226A,0,train,,,,
OLR1||K167N,OLR1,K167N,0,test,0.3762700855731964,0.10675742477178574,,
OPRM1||R265H,OPRM1,R265H,0,train,,,,
OPTC||E66G,OPTC,E66G,0,train,,,,
OPTC||F162F,OPTC,F162F,0,train,,,,
OPTN||A336G,OPTN,A336G,0,validation,,,0.395773,0.17881097
OPTN||E50K,OPTN,E50K,0,validation,,,0.52802664,0.42166227
OR13G1||I132V,OR13G1,I132V,0,train,,,,
OTC||F316S,OTC,F316S,0,train,,,,
OTC||G197E,OTC,G197E,0,train,,,,
OTC||R40H,OTC,R40H,0,train,,,,
OTX2||N225S,OTX2,N225S,0,test,0.40157178044319153,0.09557139873504639,,
OTX2||P133T,OTX2,P133T,0,test,0.42251119017601013,0.18194469809532166,,
OTX2||P134A,OTX2,P134A,0,test,0.40245023369789124,0.27030494809150696,,
OTX2||R89G,OTX2,R89G,0,test,0.5431305170059204,0.358436644077301,,
OXCT1||C456F,OXCT1,C456F,0,train,,,,
OXCT1||G219E,OXCT1,G219E,0,train,,,,
OXCT1||V133E,OXCT1,V133E,0,train,,,,
PAFAH1B1||C356R,PAFAH1B1,C356R,0,train,,,,
PAFAH1B1||D155H,PAFAH1B1,D155H,0,train,,,,
PAFAH1B1||F31S,PAFAH1B1,F31S,0,train,,,,
PAFAH1B1||H149R,PAFAH1B1,H149R,0,train,,,,
PAFAH1B1||H277P,PAFAH1B1,H277P,0,train,,,,
PAFAH1B1||R241P,PAFAH1B1,R241P,0,train,,,,
PAFAH1B1||S167P,PAFAH1B1,S167P,0,train,,,,
PAFAH1B1||S399R,PAFAH1B1,S399R,0,train,,,,
PAFAH1B1||V383F,PAFAH1B1,V383F,0,train,,,,
PANK2||F550L,PANK2,F550L,0,train,,,,
PANK2||G521R,PANK2,G521R,0,train,,,,
PC||A610T,PC,A610T,0,train,,,,
PCBD1||C82R,PCBD1,C82R,0,train,,,,
PCBD1||E58K,PCBD1,E58K,0,train,,,,
PCBD1||E97K,PCBD1,E97K,0,train,,,,
PCBD1||T79I,PCBD1,T79I,0,train,,,,
PCCA||A75P,PCCA,A75P,0,train,,,,
PCCA||L417W,PCCA,L417W,0,train,,,,
PCCA||V360G,PCCA,V360G,0,train,,,,
PCCB||G112D,PCCB,G112D,0,train,,,,
PCCB||G131R,PCCB,G131R,0,train,,,,
PCCB||R165W,PCCB,R165W,0,train,,,,
PCCB||Y439C,PCCB,Y439C,0,train,,,,
PCSK1||G483R,PCSK1,G483R,0,train,,,,
PCSK1||N221D,PCSK1,N221D,0,train,,,,
PCSK1||S307L,PCSK1,S307L,0,train,,,,
PDHA1||L216F,PDHA1,L216F,0,train,,,,
PDHA1||R127W,PDHA1,R127W,0,train,,,,
PDHA1||R378H,PDHA1,R378H,0,train,,,,
PDHA1||R88C,PDHA1,R88C,0,train,,,,
PDHB||C306R,PDHB,C306R,0,train,,,,
PDHB||I142M,PDHB,I142M,0,train,,,,
PDHB||R36C,PDHB,R36C,0,train,,,,
PDHB||Y132C,PDHB,Y132C,0,train,,,,
PEMT||V175M,PEMT,V175M,0,train,,,,
PENK||G247D,PENK,G247D,1,train,,,,
PEPD||D276N,PEPD,D276N,0,test,0.49799492955207825,0.13317298889160156,,
PEPD||G448R,PEPD,G448R,0,test,0.48874714970588684,0.2620084583759308,,
PEPD||R184Q,PEPD,R184Q,0,test,0.44042646884918213,0.13262785971164703,,
PEPD||S202F,PEPD,S202F,0,test,0.49002569913864136,0.27496984601020813,,
PEX13||I326T,PEX13,I326T,0,train,,,,
PEX13||W313G,PEX13,W313G,0,train,,,,
PEX2||E55K,PEX2,E55K,0,train,,,,
PEX7||D134N,PEX7,D134N,0,train,,,,
PEX7||G217R,PEX7,G217R,0,train,,,,
PEX7||H110R,PEX7,H110R,0,train,,,,
PEX7||S164P,PEX7,S164P,0,train,,,,
PEX7||S25F,PEX7,S25F,0,train,,,,
PEX7||S262L,PEX7,S262L,0,train,,,,
PGAM2||E89A,PGAM2,E89A,0,train,,,,
PGK1||C316R,PGK1,C316R,0,train,,,,
PGK1||D268N,PGK1,D268N,0,train,,,,
PGK1||R206P,PGK1,R206P,0,train,,,,
PHEX||C77S,PHEX,C77S,0,test,0.49131661653518677,0.2770918905735016,,
PHEX||G579V,PHEX,G579V,0,test,0.5179352164268494,0.2521284818649292,,
PHEX||L206W,PHEX,L206W,0,test,0.5160290598869324,0.5022498965263367,,
PHEX||P558R,PHEX,P558R,0,test,0.44738325476646423,0.2431010752916336,,
PHKG2||D215N,PHKG2,D215N,0,train,,,,
PHKG2||G189E,PHKG2,G189E,0,train,,,,
PHKG2||H145Y,PHKG2,H145Y,0,train,,,,
PHKG2||L226R,PHKG2,L226R,0,train,,,,
PHKG2||V106E,PHKG2,V106E,0,train,,,,
PHYH||I199F,PHYH,I199F,0,train,,,,
PHYH||N83Y,PHYH,N83Y,0,train,,,,
PIGR||A580V,PIGR,A580V,0,validation,,,0.3793148,0.0692268
PIK3CD||E1021K,PIK3CD,E1021K,0,test,0.4428558945655823,0.2566973865032196,,
PIK3R1||M326I,PIK3R1,M326I,0,validation,,,0.45551202,0.16222417
PIK3R1||R409Q,PIK3R1,R409Q,0,validation,,,0.38518754,0.17958848
PIP4K2A||N251S,PIP4K2A,N251S,0,train,,,,
PITX1||E130K,PITX1,E130K,0,train,,,,
PKP2||G328R,PKP2,G328R,0,train,,,,
PLG||C784G,PLG,C784G,0,train,,,,
PLOD3||N223S,PLOD3,N223S,0,train,,,,
PLP1||A247E,PLP1,A247E,1,train,,,,
PLP1||L86P,PLP1,L86P,1,train,,,,
PLP1||P15L,PLP1,P15L,1,train,,,,
PLP1||W163L,PLP1,W163L,1,train,,,,
PLTP||R235W,PLTP,R235W,0,train,,,,
PLTP||R476Q,PLTP,R476Q,0,train,,,,
PMP22||C109R,PMP22,C109R,1,validation,,,0.50818294,0.5959646
PMP22||L16P,PMP22,L16P,1,validation,,,0.6358108,0.8478977
PMP22||L80P,PMP22,L80P,1,validation,,,0.6105573,0.87970775
PMP22||R157G,PMP22,R157G,0,validation,,,0.44083896,0.3335214
PMS1||M394T,PMS1,M394T,0,test,0.3789072632789612,0.07662798464298248,,
PNKD||A7V,PNKD,A7V,0,train,,,,
PNKD||A9V,PNKD,A9V,0,train,,,,
PNMT||N9S,PNMT,N9S,0,train,,,,
PNP||E89K,PNP,E89K,0,validation,,,0.45737228,0.32155564
PNP||G156A,PNP,G156A,0,validation,,,0.41741064,0.097703025
PNP||G51S,PNP,G51S,0,validation,,,0.41512588,0.10362018
PNP||H257D,PNP,H257D,0,validation,,,0.5158489,0.3198815
PNPLA3||S453I,PNPLA3,S453I,1,test,0.43547332286834717,0.08437805622816086,,
PNPO||R229W,PNPO,R229W,0,test,0.44870883226394653,0.5193904042243958,,
PNPO||R95C,PNPO,R95C,0,test,0.3999626934528351,0.45639967918395996,,
PNPO||R95H,PNPO,R95H,0,test,0.4649868309497833,0.3340136408805847,,
POLB||R137Q,POLB,R137Q,0,train,,,,
POLG2||G451E,POLG2,G451E,0,train,,,,
POU4F3||L223P,POU4F3,L223P,0,train,,,,
PPARA||R127Q,PPARA,R127Q,0,train,,,,
PPARA||V227A,PPARA,V227A,0,train,,,,
PPARG||D424N,PPARG,D424N,0,train,,,,
PPARG||P113Q,PPARG,P113Q,0,train,,,,
PPARG||V318M,PPARG,V318M,1,train,,,,
PPT1||E184K,PPT1,E184K,0,train,,,,
PPT1||H39Q,PPT1,H39Q,0,train,,,,
PPT1||R122W,PPT1,R122W,0,train,,,,
PPT1||Y247H,PPT1,Y247H,0,train,,,,
PQBP1||Y65C,PQBP1,Y65C,0,test,0.4731743037700653,0.278797447681427,,
PRKAG3||R225W,PRKAG3,R225W,0,train,,,,
PRKAR1A||A213D,PRKAR1A,A213D,0,train,,,,
PRKAR1A||G289W,PRKAR1A,G289W,0,train,,,,
PRKAR1A||R74C,PRKAR1A,R74C,0,train,,,,
PRKAR1A||S147G,PRKAR1A,S147G,0,train,,,,
PRKRA||P222L,PRKRA,P222L,0,train,,,,
PROC||G114R,PROC,G114R,0,train,,,,
PROC||H176N,PROC,H176N,0,train,,,,
PROC||Q332L,PROC,Q332L,0,train,,,,
PRODH||A167V,PRODH,A167V,0,train,,,,
PRODH||D426N,PRODH,D426N,0,train,,,,
PRODH||L289M,PRODH,L289M,1,train,,,,
PROK2||C34Y,PROK2,C34Y,0,train,,,,
PROK2||G32R,PROK2,G32R,0,train,,,,
PROZ||E70K,PROZ,E70K,0,train,,,,
PROZ||E70Q,PROZ,E70Q,0,train,,,,
PROZ||L264P,PROZ,L264P,0,train,,,,
PRPS1||N114S,PRPS1,N114S,0,train,,,,
PRSS2||D153H,PRSS2,D153H,0,train,,,,
PRSS2||G191R,PRSS2,G191R,0,train,,,,
PSAT1||D100A,PSAT1,D100A,0,train,,,,
PSEN2||M239V,PSEN2,M239V,0,train,,,,
PSEN2||N141I,PSEN2,N141I,0,train,,,,
PSEN2||R71W,PSEN2,R71W,0,train,,,,
PSEN2||T430M,PSEN2,T430M,0,train,,,,
PSMB9||V32I,PSMB9,V32I,0,train,,,,
PSPH||M52T,PSPH,M52T,0,test,0.44287076592445374,0.2935310900211334,,
PTAFR||A224D,PTAFR,A224D,0,train,,,,
PTCH1||G110R,PTCH1,G110R,0,train,,,,
PTCH1||T230P,PTCH1,T230P,0,train,,,,
PTH||C18R,PTH,C18R,1,train,,,,
PTH1R||H223R,PTH1R,H223R,1,test,0.5500062108039856,0.5809762477874756,,
PTH1R||P132L,PTH1R,P132L,1,test,0.49799492955207825,0.5164086222648621,,
PVRL1||S112T,PVRL1,S112T,0,train,,,,
PVRL1||T131A,PVRL1,T131A,0,train,,,,
PVRL1||V360G,PVRL1,V360G,0,train,,,,
PYCRL||V105M,PYCRL,V105M,0,train,,,,
RAC2||D57N,RAC2,D57N,0,train,,,,
RAG2||M285R,RAG2,M285R,0,train,,,,
RAG2||N474S,RAG2,N474S,0,train,,,,
RAG2||R229Q,RAG2,R229Q,0,train,,,,
RAG2||T77N,RAG2,T77N,0,train,,,,
RAPSN||A189V,RAPSN,A189V,0,train,,,,
RAPSN||F139S,RAPSN,F139S,0,train,,,,
RAPSN||L14P,RAPSN,L14P,1,train,,,,
RBM28||L351P,RBM28,L351P,0,train,,,,
RBP4||G93D,RBP4,G93D,0,train,,,,
RDH12||C285Y,RDH12,C285Y,0,train,,,,
RDH12||L99I,RDH12,L99I,0,train,,,,
RDH12||P230A,RDH12,P230A,0,train,,,,
REEP1||A20E,REEP1,A20E,0,train,,,,
REEP1||L107P,REEP1,L107P,0,train,,,,
REEP1||P19R,REEP1,P19R,1,train,,,,
REN||D104N,REN,D104N,0,validation,,,0.47752744,0.18815607
REN||R230K,REN,R230K,0,validation,,,0.5066378,0.28756496
REN||S135Y,REN,S135Y,0,validation,,,0.5085979,0.46965545
REN||V351I,REN,V351I,0,validation,,,0.38514093,0.1042015
RFX5||R149Q,RFX5,R149Q,0,validation,,,0.5158489,0.4412998
RFXANK||D121V,RFXANK,D121V,1,train,,,,
RFXANK||L195P,RFXANK,L195P,1,train,,,,
RGR||A234T,RGR,A234T,0,validation,,,0.48764604,0.4151154
RGR||H152N,RGR,H152N,0,validation,,,0.47843742,0.15120196
RGR||V132L,RGR,V132L,0,validation,,,0.417155,0.34132951
RGS2||Q2L,RGS2,Q2L,0,train,,,,
RGS2||Q2R,RGS2,Q2R,0,train,,,,
RGS2||R44H,RGS2,R44H,1,train,,,,
RGS9||W299R,RGS9,W299R,0,train,,,,
RLBP1||G146D,RLBP1,G146D,0,train,,,,
RLBP1||I200T,RLBP1,I200T,0,train,,,,
RLBP1||M226K,RLBP1,M226K,1,train,,,,
RLBP1||R151Q,RLBP1,R151Q,0,train,,,,
RNASEH2C||P76L,RNASEH2C,P76L,0,validation,,,0.4925077,0.29952234
RNASEH2C||R69W,RNASEH2C,R69W,0,validation,,,0.50013757,0.5127682
RP2||C86Y,RP2,C86Y,1,train,,,,
RP2||L253R,RP2,L253R,0,train,,,,
RP2||R118H,RP2,R118H,0,train,,,,
RP2||R282W,RP2,R282W,0,train,,,,
RPA4||A33T,RPA4,A33T,0,train,,,,
RPE65||E148D,RPE65,E148D,0,train,,,,
RPE65||G104D,RPE65,G104D,0,train,,,,
RPE65||P363T,RPE65,P363T,1,train,,,,
RPE65||T457N,RPE65,T457N,0,train,,,,
RPIA||A135V,RPIA,A135V,0,test,0.5196700096130371,0.27007371187210083,,
RPL11||L20H,RPL11,L20H,1,validation,,,0.5269482,0.5116992
RPS19||G127E,RPS19,G127E,1,train,,,,
RPS19||R101H,RPS19,R101H,1,train,,,,
RPS19||R62W,RPS19,R62W,1,train,,,,
RPS19||V15F,RPS19,V15F,1,train,,,,
RPS6KA3||D193N,RPS6KA3,D193N,0,train,,,,
RPS6KA3||E260D,RPS6KA3,E260D,0,train,,,,
RPS6KA3||F68C,RPS6KA3,F68C,0,train,,,,
RPS6KA3||G431D,RPS6KA3,G431D,0,train,,,,
RPS6KA3||G75V,RPS6KA3,G75V,0,train,,,,
RPS6KA3||I189K,RPS6KA3,I189K,0,train,,,,
RPS6KA3||L467R,RPS6KA3,L467R,0,train,,,,
RPS6KA3||N544K,RPS6KA3,N544K,0,train,,,,
RPS6KA3||N620D,RPS6KA3,N620D,0,train,,,,
RPS6KA3||R667S,RPS6KA3,R667S,0,train,,,,
RRM2B||L317V,RRM2B,L317V,0,train,,,,
RRM2B||W64R,RRM2B,W64R,0,train,,,,
RTN4R||L347R,RTN4R,L347R,0,train,,,,
RTN4R||R196H,RTN4R,R196H,0,train,,,,
RTN4R||R227C,RTN4R,R227C,0,train,,,,
RTN4R||R377W,RTN4R,R377W,0,train,,,,
RTN4R||R399W,RTN4R,R399W,0,train,,,,
RXRG||G14S,RXRG,G14S,0,train,,,,
SALL4||H888R,SALL4,H888R,0,train,,,,
SALL4||V754M,SALL4,V754M,0,train,,,,
SART3||V591M,SART3,V591M,0,train,,,,
SBDS||N8K,SBDS,N8K,0,train,,,,
SBDS||R126T,SBDS,R126T,0,train,,,,
SCARB1||A350A,SCARB1,A350A,0,train,,,,
SCARB2||H363N,SCARB2,H363N,1,train,,,,
SCN1B||C121W,SCN1B,C121W,0,validation,,,0.4824333,0.4260791
SCN1B||E87Q,SCN1B,E87Q,0,validation,,,0.3779694,0.16347581
SCN1B||R85C,SCN1B,R85C,0,validation,,,0.4260664,0.26396483
SCN1B||R85H,SCN1B,R85H,0,validation,,,0.42345557,0.06797225
SCNN1B||P616L,SCNN1B,P616L,0,train,,,,
SCNN1G||E197K,SCNN1G,E197K,0,train,,,,
SCNN1G||G183S,SCNN1G,G183S,0,train,,,,
SCNN1G||L609F,SCNN1G,L609F,0,train,,,,
SCNN1G||N530S,SCNN1G,N530S,0,train,,,,
SCO1||P174L,SCO1,P174L,0,train,,,,
SCO2||C133Y,SCO2,C133Y,0,validation,,,0.4851913,0.07857788
SCO2||E140K,SCO2,E140K,0,validation,,,0.5179352,0.26678818
SCO2||L151P,SCO2,L151P,0,validation,,,0.4815372,0.41117126
SCO2||S225F,SCO2,S225F,0,validation,,,0.5359205,0.26596427
SDHA||A524V,SDHA,A524V,0,train,,,,
SDHA||A83V,SDHA,A83V,0,train,,,,
SDHA||R451C,SDHA,R451C,0,train,,,,
SDHB||C186Y,SDHB,C186Y,0,train,,,,
SDHB||G53R,SDHB,G53R,0,train,,,,
SDHB||L87S,SDHB,L87S,0,train,,,,
SDHB||R230L,SDHB,R230L,0,train,,,,
SDHD||G12S,SDHD,G12S,0,train,,,,
SDHD||G148D,SDHD,G148D,0,train,,,,
SDHD||L101P,SDHD,L101P,1,train,,,,
SEMA3E||S703L,SEMA3E,S703L,0,train,,,,
SEMA4A||D345H,SEMA4A,D345H,0,train,,,,
SEMA4A||F350C,SEMA4A,F350C,1,train,,,,
SEMA4A||R713Q,SEMA4A,R713Q,0,train,,,,
SERPINA10||F145L,SERPINA10,F145L,0,train,,,,
SERPINA10||Q384R,SERPINA10,Q384R,0,train,,,,
SERPINA10||S143Y,SERPINA10,S143Y,0,train,,,,
SERPINA3||L266L,SERPINA3,L266L,0,train,,,,
SERPINA3||L78P,SERPINA3,L78P,0,train,,,,
SERPINA3||M414V,SERPINA3,M414V,0,train,,,,
SERPINA3||P252A,SERPINA3,P252A,0,train,,,,
SERPINA7||A133P,SERPINA7,A133P,0,train,,,,
SERPINC1||L158P,SERPINC1,L158P,0,train,,,,
SERPINC1||N437K,SERPINC1,N437K,0,train,,,,
SERPINC1||P48H,SERPINC1,P48H,0,train,,,,
SERPINC1||R79C,SERPINC1,R79C,0,train,,,,
SERPIND1||E447K,SERPIND1,E447K,0,train,,,,
SERPIND1||P462L,SERPIND1,P462L,0,train,,,,
SERPIND1||R208H,SERPIND1,R208H,0,train,,,,
SETX||L1976R,SETX,L1976R,0,train,,,,
SFTPA2||A91P,SFTPA2,A91P,0,train,,,,
SFTPA2||F198S,SFTPA2,F198S,0,train,,,,
SFTPA2||G231V,SFTPA2,G231V,0,train,,,,
SFTPA2||Q223K,SFTPA2,Q223K,0,train,,,,
SFTPC||C189G,SFTPC,C189G,0,train,,,,
SFTPC||H64P,SFTPC,H64P,0,train,,,,
SFTPC||P30L,SFTPC,P30L,0,train,,,,
SFTPC||Y104H,SFTPC,Y104H,0,train,,,,
SFTPD||T180A,SFTPD,T180A,0,train,,,,
SGSH||D273N,SGSH,D273N,0,train,,,,
SGSH||D444G,SGSH,D444G,0,train,,,,
SGSH||F193L,SGSH,F193L,0,train,,,,
SH2D1A||G93D,SH2D1A,G93D,0,validation,,,0.45976326,0.18055488
SH2D1A||P101L,SH2D1A,P101L,0,validation,,,0.47019327,0.2557189
SH2D1A||R32T,SH2D1A,R32T,0,validation,,,0.52432346,0.59112626
SHBG||D356N,SHBG,D356N,0,train,,,,
SHBG||P185L,SHBG,P185L,0,train,,,,
SHMT1||S394N,SHMT1,S394N,0,train,,,,
SIX2||L43F,SIX2,L43F,0,train,,,,
SIX2||P241L,SIX2,P241L,0,train,,,,
SLC10A2||L243P,SLC10A2,L243P,0,train,,,,
SLC10A2||P290S,SLC10A2,P290S,0,train,,,,
SLC10A2||T262M,SLC10A2,T262M,0,train,,,,
SLC14A1||N74K,SLC14A1,N74K,1,train,,,,
SLC14A1||S291P,SLC14A1,S291P,1,train,,,,
SLC15A1||P586L,SLC15A1,P586L,0,validation,,,0.49257562,0.2930349
SLC17A8||A211V,SLC17A8,A211V,0,train,,,,
SLC19A3||E320Q,SLC19A3,E320Q,0,test,0.43055450916290283,0.30087438225746155,,
SLC19A3||G23V,SLC19A3,G23V,0,test,0.48345914483070374,0.5133686065673828,,
SLC19A3||K44E,SLC19A3,K44E,0,test,0.47990214824676514,0.4222668409347534,,
SLC19A3||T422A,SLC19A3,T422A,0,test,0.4664109945297241,0.6535546779632568,,
SLC22A11||E278K,SLC22A11,E278K,0,train,,,,
SLC22A12||H86H,SLC22A12,H86H,0,train,,,,
SLC22A12||M430T,SLC22A12,M430T,1,train,,,,
SLC22A12||Q297E,SLC22A12,Q297E,0,train,,,,
SLC22A12||T217M,SLC22A12,T217M,1,train,,,,
SLC22A2||M165I,SLC22A2,M165I,0,train,,,,
SLC22A2||T199I,SLC22A2,T199I,0,train,,,,
SLC22A2||T201M,SLC22A2,T201M,0,train,,,,
SLC22A6||R454Q,SLC22A6,R454Q,0,validation,,,0.4486373,0.5101602
SLC25A15||E180K,SLC25A15,E180K,0,train,,,,
SLC25A15||T32R,SLC25A15,T32R,0,train,,,,
SLC26A2||N425D,SLC26A2,N425D,0,test,0.48368483781814575,0.5944943428039551,,
SLC28A1||V189I,SLC28A1,V189I,0,train,,,,
SLC28A2||E385K,SLC28A2,E385K,0,train,,,,
SLC28A2||F355S,SLC28A2,F355S,0,train,,,,
SLC29A3||G427S,SLC29A3,G427S,0,train,,,,
SLC29A3||G437R,SLC29A3,G437R,0,train,,,,
SLC29A3||M116R,SLC29A3,M116R,0,train,,,,
SLC29A3||T449R,SLC29A3,T449R,0,train,,,,
SLC2A1||P485L,SLC2A1,P485L,1,train,,,,
SLC2A1||R212H,SLC2A1,R212H,0,train,,,,
SLC2A1||S66F,SLC2A1,S66F,1,train,,,,
SLC2A2||G318R,SLC2A2,G318R,0,train,,,,
SLC2A2||V197I,SLC2A2,V197I,0,train,,,,
SLC2A2||W444R,SLC2A2,W444R,0,train,,,,
SLC30A2||H54R,SLC30A2,H54R,0,train,,,,
SLC30A8||R325W,SLC30A8,R325W,0,validation,,,0.44617233,0.39454383
SLC35C1||R147C,SLC35C1,R147C,0,train,,,,
SLC35C1||T308R,SLC35C1,T308R,0,train,,,,
SLC36A2||G87V,SLC36A2,G87V,0,train,,,,
SLC39A4||P200L,SLC39A4,P200L,1,train,,,,
SLC45A2||G198D,SLC45A2,G198D,0,train,,,,
SLC45A2||L361P,SLC45A2,L361P,0,train,,,,
SLC45A2||P58A,SLC45A2,P58A,0,train,,,,
SLC45A2||T302S,SLC45A2,T302S,0,train,,,,
SLC47A1||A310V,SLC47A1,A310V,0,train,,,,
SLC47A1||D328A,SLC47A1,D328A,0,train,,,,
SLC47A1||G64D,SLC47A1,G64D,0,train,,,,
SLC47A1||N474S,SLC47A1,N474S,0,train,,,,
SLC4A1||G455E,SLC4A1,G455E,0,train,,,,
SLC4A1||R646W,SLC4A1,R646W,0,train,,,,
SLC5A2||K311R,SLC5A2,K311R,0,train,,,,
SLC5A2||R368W,SLC5A2,R368W,0,train,,,,
SLC5A2||T51P,SLC5A2,T51P,0,train,,,,
SLC5A2||V116M,SLC5A2,V116M,0,train,,,,
SLC5A5||G543E,SLC5A5,G543E,1,train,,,,
SLC5A5||G93R,SLC5A5,G93R,1,train,,,,
SLC5A5||Q267E,SLC5A5,Q267E,1,train,,,,
SLC5A5||T354P,SLC5A5,T354P,1,train,,,,
SLC5A7||I89V,SLC5A7,I89V,0,train,,,,
SLC6A20||T199M,SLC6A20,T199M,0,validation,,,0.49500558,0.23696491
SLC7A10||E112D,SLC7A10,E112D,0,train,,,,
SLC7A9||G105R,SLC7A9,G105R,1,train,,,,
SLC7A9||N227D,SLC7A9,N227D,0,train,,,,
SLC7A9||V330M,SLC7A9,V330M,0,train,,,,
SLC9A3R1||L110V,SLC9A3R1,L110V,0,train,,,,
SLC9A3R1||R153Q,SLC9A3R1,R153Q,0,train,,,,
SLCO2B1||S486F,SLCO2B1,S486F,0,train,,,,
SLURP1||C77R,SLURP1,C77R,0,test,0.48297837376594543,0.4152001440525055,,
SLURP1||L98P,SLURP1,L98P,0,test,0.5061372518539429,0.479806125164032,,
SLURP1||R71H,SLURP1,R71H,0,test,0.3946199417114258,0.31257617473602295,,
SLURP1||W15R,SLURP1,W15R,1,test,0.42384010553359985,0.2807329297065735,,
SMARCA2||D1546E,SMARCA2,D1546E,1,train,,,,
SMPD1||D51V,SMPD1,D51V,0,train,,,,
SMPD1||G244R,SMPD1,G244R,0,train,,,,
SMPD1||P332R,SMPD1,P332R,0,train,,,,
SNCA||A30P,SNCA,A30P,0,train,,,,
SNCA||A53T,SNCA,A53T,0,train,,,,
SOD1||G38R,SOD1,G38R,0,validation,,,0.48831442,0.41750902
SOD1||G42S,SOD1,G42S,0,validation,,,0.47448573,0.14494348
SOD1||L127S,SOD1,L127S,0,validation,,,0.46726602,0.40426597
SPINK1||N34S,SPINK1,N34S,0,validation,,,0.40091503,0.061985515
SPINK1||P55S,SPINK1,P55S,0,validation,,,0.37735438,0.05444744
SPINK1||R65Q,SPINK1,R65Q,0,validation,,,0.39979705,0.13882153
SPP1||D94D,SPP1,D94D,0,train,,,,
SPRY2||D20A,SPRY2,D20A,0,train,,,,
SPRY2||K68N,SPRY2,K68N,0,train,,,,
SQSTM1||A381V,SQSTM1,A381V,0,train,,,,
SQSTM1||P387L,SQSTM1,P387L,0,train,,,,
SQSTM1||P392L,SQSTM1,P392L,0,train,,,,
SQSTM1||S399P,SQSTM1,S399P,0,train,,,,
SRPX2||N327S,SRPX2,N327S,0,train,,,,
SSH1||S63N,SSH1,S63N,0,test,0.4349714517593384,0.1039186343550682,,
STAR||A218V,STAR,A218V,0,train,,,,
STAR||M144R,STAR,M144R,0,train,,,,
STAT1||E320Q,STAT1,E320Q,0,train,,,,
STAT1||L600P,STAT1,L600P,0,train,,,,
STAT1||L706S,STAT1,L706S,0,train,,,,
STAT1||Q463H,STAT1,Q463H,0,train,,,,
STAT3||N472D,STAT3,N472D,0,train,,,,
STAT3||R382L,STAT3,R382L,0,train,,,,
STAT3||R382W,STAT3,R382W,0,train,,,,
STK11||F354L,STK11,F354L,0,train,,,,
STK11||K108R,STK11,K108R,0,train,,,,
STK11||L183L,STK11,L183L,0,train,,,,
STK11||L67P,STK11,L67P,1,train,,,,
STK11||L67R,STK11,L67R,0,train,,,,
STK11||M136R,STK11,M136R,0,train,,,,
STK11||N181Y,STK11,N181Y,0,train,,,,
STK11||S232P,STK11,S232P,0,train,,,,
STK11||W239C,STK11,W239C,0,train,,,,
STK11||W308C,STK11,W308C,0,train,,,,
STOX1||E608D,STOX1,E608D,0,train,,,,
STOX1||N825I,STOX1,N825I,0,train,,,,
STRA6||Q438R,STRA6,Q438R,0,train,,,,
STS||R454C,STS,R454C,0,train,,,,
STS||S341L,STS,S341L,0,train,,,,
STS||W372R,STS,W372R,0,train,,,,
STXBP1||C180Y,STXBP1,C180Y,0,train,,,,
STXBP1||M443R,STXBP1,M443R,1,train,,,,
STXBP1||V84D,STXBP1,V84D,1,train,,,,
SULT1A1||H149Y,SULT1A1,H149Y,0,train,,,,
SULT1C2||R73Q,SULT1C2,R73Q,0,train,,,,
SULT1C2||S111F,SULT1C2,S111F,0,train,,,,
SULT2B1||D191N,SULT2B1,D191N,0,train,,,,
SULT2B1||R230H,SULT2B1,R230H,0,train,,,,
SUN2||G671S,SUN2,G671S,0,train,,,,
SUOX||Q396R,SUOX,Q396R,0,train,,,,
SUOX||R268Q,SUOX,R268Q,0,train,,,,
SUOX||W450R,SUOX,W450R,0,train,,,,
SURF1||G124R,SURF1,G124R,0,train,,,,
SURF1||L203P,SURF1,L203P,0,train,,,,
SURF1||Y274D,SURF1,Y274D,0,train,,,,
SYNGR1||K99E,SYNGR1,K99E,0,validation,,,0.4527099,0.19031964
TAC3||M90T,TAC3,M90T,0,train,,,,
TACR3||G93D,TACR3,G93D,1,train,,,,
TALDO1||R192C,TALDO1,R192C,0,train,,,,
TALDO1||R192H,TALDO1,R192H,0,train,,,,
TAP2||M577V,TAP2,M577V,0,train,,,,
TAS2R38||A49P,TAS2R38,A49P,0,validation,,,0.3939948,0.08007136
TAS2R38||I296V,TAS2R38,I296V,0,validation,,,0.37397817,0.055657923
TAT||L273P,TAT,L273P,0,validation,,,0.51310426,0.2867102
TAT||P220S,TAT,P220S,0,validation,,,0.47951344,0.22604053
TAT||R119W,TAT,R119W,0,validation,,,0.52535695,0.4015687
TAT||R433W,TAT,R433W,0,validation,,,0.502374,0.41675243
TBX20||A63T,TBX20,A63T,0,train,,,,
TBX20||I121F,TBX20,I121F,0,train,,,,
TBX20||I152M,TBX20,I152M,0,train,,,,
TBX20||T262M,TBX20,T262M,0,train,,,,
TBX22||G118C,TBX22,G118C,0,train,,,,
TBX22||R120W,TBX22,R120W,0,train,,,,
TBX22||R151L,TBX22,R151L,0,train,,,,
TCAP||E132Q,TCAP,E132Q,0,train,,,,
TCAP||R18Q,TCAP,R18Q,0,train,,,,
TCAP||R70W,TCAP,R70W,0,train,,,,
TCAP||R87Q,TCAP,R87Q,0,train,,,,
TCF4||G358V,TCF4,G358V,0,train,,,,
TCF4||R578H,TCF4,R578H,0,train,,,,
TCF4||R578P,TCF4,R578P,0,train,,,,
TDGF1||P125L,TDGF1,P125L,0,test,0.48663583397865295,0.2510494291782379,,
TDGF1||V110L,TDGF1,V110L,0,test,0.4281211793422699,0.21150419116020203,,
TEK||R849W,TEK,R849W,0,train,,,,
TEKT2||A229V,TEKT2,A229V,0,train,,,,
TFAP2A||G262E,TFAP2A,G262E,1,validation,,,0.3893227,0.12701857
TFAP2A||R254W,TFAP2A,R254W,1,validation,,,0.44052768,0.2327764
TFPI||P179L,TFPI,P179L,0,train,,,,
TGFBI||L509R,TGFBI,L509R,0,train,,,,
TGFBR2||A329T,TGFBR2,A329T,0,train,,,,
TGFBR2||L308P,TGFBR2,L308P,0,train,,,,
TGFBR2||R254H,TGFBR2,R254H,0,train,,,,
THAP1||F81L,THAP1,F81L,0,train,,,,
THRB||A268G,THRB,A268G,0,train,,,,
THRB||C446R,THRB,C446R,0,train,,,,
THRB||L330S,THRB,L330S,0,train,,,,
THRB||M442V,THRB,M442V,0,train,,,,
THRB||N343K,THRB,N343K,0,train,,,,
THRB||P453L,THRB,P453L,0,train,,,,
THRB||Q374K,THRB,Q374K,0,train,,,,
THRB||S314C,THRB,S314C,0,train,,,,
TIMM44||A424A,TIMM44,A424A,0,train,,,,
TIMM44||P308Q,TIMM44,P308Q,0,train,,,,
TIMM8A||C66W,TIMM8A,C66W,1,train,,,,
TIMP3||G190C,TIMP3,G190C,0,validation,,,0.50926363,0.26041815
TIMP3||S170C,TIMP3,S170C,0,validation,,,0.49031082,0.20537996
TIMP3||S204C,TIMP3,S204C,0,validation,,,0.43245187,0.16390136
TIMP3||Y191C,TIMP3,Y191C,0,validation,,,0.5314995,0.21661553
TINF2||E281K,TINF2,E281K,0,train,,,,
TINF2||L287P,TINF2,L287P,0,train,,,,
TINF2||P236S,TINF2,P236S,0,train,,,,
TINF2||S245Y,TINF2,S245Y,0,train,,,,
TIRAP||S180L,TIRAP,S180L,0,train,,,,
TLR2||R753Q,TLR2,R753Q,0,train,,,,
TLR2||T411I,TLR2,T411I,0,train,,,,
TLR3||L412F,TLR3,L412F,0,train,,,,
TLR6||T255I,TLR6,T255I,0,train,,,,
TMEM43||S358L,TMEM43,S358L,0,test,0.43932995200157166,0.3657054305076599,,
TMPRSS3||A306T,TMPRSS3,A306T,0,train,,,,
TMPRSS3||C407R,TMPRSS3,C407R,0,train,,,,
TMPRSS3||R109W,TMPRSS3,R109W,0,train,,,,
TMPRSS3||R216L,TMPRSS3,R216L,0,train,,,,
TMPRSS5||A317S,TMPRSS5,A317S,0,train,,,,
TNFAIP3||F127C,TNFAIP3,F127C,0,validation,,,0.45616058,0.3745082
TNFRSF11B||C87Y,TNFRSF11B,C87Y,0,train,,,,
TNFRSF13B||A149T,TNFRSF13B,A149T,0,train,,,,
TNFRSF13B||C104R,TNFRSF13B,C104R,0,train,,,,
TNFRSF13B||L171R,TNFRSF13B,L171R,0,train,,,,
TNFRSF13B||V246F,TNFRSF13B,V246F,0,train,,,,
TNFRSF1B||M196R,TNFRSF1B,M196R,0,train,,,,
TNNC1||C84Y,TNNC1,C84Y,0,train,,,,
TNNC1||D75Y,TNNC1,D75Y,0,train,,,,
TNNC1||E134D,TNNC1,E134D,0,train,,,,
TNNC1||L29Q,TNNC1,L29Q,0,train,,,,
TNNI2||R174Q,TNNI2,R174Q,0,train,,,,
TOR1A||D216H,TOR1A,D216H,0,validation,,,0.45894045,0.079101935
TOR1A||R288Q,TOR1A,R288Q,0,validation,,,0.40518546,0.11696909
TP53||G245C,TP53,G245C,0,train,,,,
TP53||P152L,TP53,P152L,0,train,,,,
TP53||V31I,TP53,V31I,0,train,,,,
TP63||D351N,TP63,D351N,0,train,,,,
TP63||I549T,TP63,I549T,0,train,,,,
TPH2||P206S,TPH2,P206S,0,train,,,,
TPH2||P312P,TPH2,P312P,0,train,,,,
TPH2||R303W,TPH2,R303W,0,train,,,,
TPH2||R441H,TPH2,R441H,0,train,,,,
TPM1||D175N,TPM1,D175N,0,train,,,,
TPM1||E40K,TPM1,E40K,0,train,,,,
TPM1||M281T,TPM1,M281T,0,train,,,,
TPM1||V95A,TPM1,V95A,0,train,,,,
TPM2||E117K,TPM2,E117K,0,train,,,,
TPM2||Q147P,TPM2,Q147P,0,train,,,,
TPM2||R91G,TPM2,R91G,0,train,,,,
TPM3||L100M,TPM3,L100M,0,train,,,,
TPM3||M9R,TPM3,M9R,0,train,,,,
TPM3||R168G,TPM3,R168G,0,train,,,,
TPM3||R245G,TPM3,R245G,0,train,,,,
TPMT||A80P,TPMT,A80P,0,train,,,,
TPMT||G144R,TPMT,G144R,0,train,,,,
TPMT||L49S,TPMT,L49S,0,train,,,,
TPMT||R215H,TPMT,R215H,0,train,,,,
TPO||A53P,TPO,A53P,0,train,,,,
TPO||S131P,TPO,S131P,0,train,,,,
TPP1||G77R,TPP1,G77R,0,train,,,,
TPP1||P544S,TPP1,P544S,0,train,,,,
TPP1||R206H,TPP1,R206H,0,train,,,,
TRIB3||Q84R,TRIB3,Q84R,0,train,,,,
TRIM37||C109S,TRIM37,C109S,0,train,,,,
TRIM5||H43Y,TRIM5,H43Y,0,test,0.4346260130405426,0.19494424760341644,,
TRIM5||R136Q,TRIM5,R136Q,0,test,0.3739536702632904,0.0640128031373024,,
TSFM||R312W,TSFM,R312W,1,train,,,,
TSHR||A204V,TSHR,A204V,0,train,,,,
TSHR||G132R,TSHR,G132R,0,train,,,,
TSHR||K183R,TSHR,K183R,0,train,,,,
TSHR||P27T,TSHR,P27T,0,train,,,,
TSHR||R109Q,TSHR,R109Q,0,train,,,,
TSSK4||V227I,TSSK4,V227I,0,train,,,,
TSSK4||V255V,TSSK4,V255V,0,train,,,,
TTR||C10R,TTR,C10R,0,train,,,,
TTR||I93V,TTR,I93V,0,train,,,,
TTR||R123S,TTR,R123S,0,train,,,,
TTR||V50M,TTR,V50M,0,train,,,,
TUBA1A||E55K,TUBA1A,E55K,0,train,,,,
TUBA1A||I188L,TUBA1A,I188L,0,train,,,,
TUBA1A||L286F,TUBA1A,L286F,0,train,,,,
TUBA1A||R402L,TUBA1A,R402L,1,train,,,,
TUBB1||R318W,TUBB1,R318W,0,train,,,,
TUBB2B||F265L,TUBB2B,F265L,0,test,0.48370587825775146,0.21741004288196564,,
TUBB2B||I210T,TUBB2B,I210T,0,test,0.46402567625045776,0.18956038355827332,,
TUBB2B||L228P,TUBB2B,L228P,0,test,0.4314018487930298,0.250160813331604,,
TUFM||R339Q,TUFM,R339Q,0,train,,,,
TULP1||F382S,TULP1,F382S,0,test,0.4762234687805176,0.42737653851509094,,
TULP1||R420P,TULP1,R420P,0,test,0.47082215547561646,0.4143829643726349,,
TULP1||R482W,TULP1,R482W,0,test,0.5330764055252075,0.7005735635757446,,
UBE3A||R506C,UBE3A,R506C,0,test,0.5072623491287231,0.6548448801040649,,
UCHL1||I93M,UCHL1,I93M,0,test,0.4408731460571289,0.08884325623512268,,
UCHL1||S18Y,UCHL1,S18Y,0,test,0.5336464643478394,0.2426372468471527,,
UCP1||A64T,UCP1,A64T,0,train,,,,
UCP1||K257N,UCP1,K257N,0,train,,,,
UCP1||M229L,UCP1,M229L,0,train,,,,
UCP2||A268G,UCP2,A268G,0,train,,,,
UCP2||A55V,UCP2,A55V,0,train,,,,
UCP2||L175V,UCP2,L175V,0,train,,,,
UGT1A10||I211T,UGT1A10,I211T,0,test,0.4865577518939972,0.2584957778453827,,
UGT1A10||Q328R,UGT1A10,Q328R,0,test,0.5366596579551697,0.37988337874412537,,
UGT1A10||R400C,UGT1A10,R400C,0,test,0.5013090968132019,0.4929967522621155,,
UMPS||G429R,UMPS,G429R,0,train,,,,
UQCRQ||S45F,UQCRQ,S45F,0,validation,,,0.49846643,0.23135614
UROD||P62L,UROD,P62L,0,train,,,,
UROD||S219F,UROD,S219F,0,train,,,,
UROD||Y182C,UROD,Y182C,1,train,,,,
UROS||A69T,UROS,A69T,0,train,,,,
UROS||G188R,UROS,G188R,0,train,,,,
UROS||L237P,UROS,L237P,0,train,,,,
UROS||P53L,UROS,P53L,0,train,,,,
USH1G||L48P,USH1G,L48P,1,train,,,,
VANGL1||M328T,VANGL1,M328T,0,train,,,,
VANGL1||R274Q,VANGL1,R274Q,0,train,,,,
VAPB||P56S,VAPB,P56S,1,train,,,,
VCAM1||G413A,VCAM1,G413A,0,train,,,,
VCP||A439S,VCP,A439S,0,train,,,,
VCP||T262A,VCP,T262A,0,train,,,,
VHL||L198R,VHL,L198R,0,train,,,,
VHL||S65W,VHL,S65W,0,train,,,,
VKORC1||L128R,VKORC1,L128R,1,train,,,,
VKORC1||R98W,VKORC1,R98W,1,train,,,,
VKORC1||V45A,VKORC1,V45A,1,train,,,,
WISP3||C114Y,WISP3,C114Y,0,train,,,,
WISP3||C145Y,WISP3,C145Y,0,train,,,,
WISP3||C78R,WISP3,C78R,0,train,,,,
WISP3||S334P,WISP3,S334P,0,train,,,,
WNT4||A114V,WNT4,A114V,0,train,,,,
WNT4||E216G,WNT4,E216G,0,train,,,,
WNT7A||A109T,WNT7A,A109T,0,train,,,,
WNT7A||G204S,WNT7A,G204S,0,train,,,,
WNT7A||R292C,WNT7A,R292C,0,train,,,,
WRAP53||R68G,WRAP53,R68G,0,test,0.42423176765441895,0.2597099542617798,,
XRCC4||I134T,XRCC4,I134T,0,test,0.5004101395606995,0.35633066296577454,,
YARS||E196K,YARS,E196K,0,validation,,,0.48663217,0.5169248
YARS||G41R,YARS,G41R,0,validation,,,0.49940953,0.2748658
ZCCHC12||R7C,ZCCHC12,R7C,0,validation,,,0.41974193,0.30644035
ZCCHC12||T344I,ZCCHC12,T344I,0,validation,,,0.37990215,0.09712487
ZDHHC9||P150S,ZDHHC9,P150S,0,train,,,,
ZDHHC9||R148W,ZDHHC9,R148W,0,train,,,,
ZFYVE27||G191V,ZFYVE27,G191V,0,train,,,,
ZNF624||K135N,ZNF624,K135N,0,validation,,,0.4267841,0.06863786
CD207||A55V,CD207,A55V,0,test,0.3925485908985138,0.12369119375944138,,
CD207||E114V,CD207,E114V,0,test,0.40566810965538025,0.30541732907295227,,
CD207||R66Q,CD207,R66Q,0,test,0.4004133641719818,0.12481103837490082,,
CRYBA4||V36M,CRYBA4,V36M,0,test,0.4136786460876465,0.14929740130901337,,
EFHC1||M448T,EFHC1,M448T,0,train,,,,
EFHC1||R159W,EFHC1,R159W,0,train,,,,
EIF2B4||R306G,EIF2B4,R306G,0,train,,,,
FKBP6||R202H,FKBP6,R202H,0,train,,,,
FMO1||K373R,FMO1,K373R,0,train,,,,
FMO3||G180V,FMO3,G180V,0,train,,,,
FMO3||V277A,FMO3,V277A,0,train,,,,
FOXP3||G52V,FOXP3,G52V,0,train,,,,
GFAP||D295N,GFAP,D295N,0,train,,,,
KRT2||G219D,KRT2,G219D,0,train,,,,
KRT6A||F249L,KRT6A,F249L,0,test,0.44794103503227234,0.3367599844932556,,
KRT6A||N21S,KRT6A,N21S,0,test,0.3727927505970001,0.09415864199399948,,
KRT6A||V523F,KRT6A,V523F,0,test,0.36552292108535767,0.09432671219110489,,
LTA||H51P,LTA,H51P,0,validation,,,0.4043156,0.29187828
MCEE||A76V,MCEE,A76V,0,train,,,,
MCEE||R143H,MCEE,R143H,0,train,,,,
OAS1||R242Q,OAS1,R242Q,0,train,,,,
PGBD1||H806D,PGBD1,H806D,0,validation,,,0.41121256,0.27298188
PGBD1||I678V,PGBD1,I678V,0,validation,,,0.37985504,0.04004065
PGBD1||P256L,PGBD1,P256L,0,validation,,,0.40944967,0.09993635
PGBD1||Q248E,PGBD1,Q248E,0,validation,,,0.42856404,0.17631459
PITX1||G299A,PITX1,G299A,0,train,,,,
PNPO||R116Q,PNPO,R116Q,0,test,0.4740808308124542,0.24041196703910828,,
RPGR||Q184H,RPGR,Q184H,0,train,,,,
RPGR||R425K,RPGR,R425K,0,train,,,,
SERPING1||V56A,SERPING1,V56A,0,train,,,,
SMAD3||I170V,SMAD3,I170V,0,train,,,,
TINF2||G237D,TINF2,G237D,0,train,,,,
TNFRSF13B||K188M,TNFRSF13B,K188M,0,train,,,,
TNFRSF13B||P205L,TNFRSF13B,P205L,0,train,,,,
TNFRSF13B||V174A,TNFRSF13B,V174A,0,train,,,,
TUFM||G149S,TUFM,G149S,0,train,,,,
VANGL1||E347A,VANGL1,E347A,0,train,,,,
ALK||F1174L,ALK,F1174L,1,train,,,,
ALK||G1202R,ALK,G1202R,0,train,,,,
ALK||R1275Q,ALK,R1275Q,1,train,,,,
ALK||S1206Y,ALK,S1206Y,0,train,,,,
ALK||T1151M,ALK,T1151M,0,train,,,,
BRAF||A749V,BRAF,A749V,0,train,,,,
BRAF||D594V,BRAF,D594V,0,train,,,,
BRAF||E586K,BRAF,E586K,0,train,,,,
BRAF||G464V,BRAF,G464V,0,train,,,,
BRAF||G466A,BRAF,G466A,0,train,,,,
BRAF||G466E,BRAF,G466E,0,train,,,,
BRAF||G466V,BRAF,G466V,0,train,,,,
BRAF||G469A,BRAF,G469A,0,train,,,,
BRAF||G469E,BRAF,G469E,0,train,,,,
BRAF||G596R,BRAF,G596R,0,train,,,,
BRAF||V600E,BRAF,V600E,0,train,,,,
EGFR||G719S,EGFR,G719S,0,train,,,,
EGFR||L858R,EGFR,L858R,0,train,,,,
EGFR||T790M,EGFR,T790M,0,train,,,,
ERBB2||V842I,ERBB2,V842I,0,train,,,,
ERBB4||E872K,ERBB4,E872K,0,train,,,,
FLT3||D835Y,FLT3,D835Y,0,train,,,,
PDGFRA||D842V,PDGFRA,D842V,0,train,,,,
PDGFRA||T674M,PDGFRA,T674M,0,train,,,,
A4GALT||A272V,A4GALT,A272V,0,train,,,,
ACVR1B||D335N,ACVR1B,D335N,0,train,,,,
ACVR1B||E412D,ACVR1B,E412D,0,train,,,,
AKT1||D44N,AKT1,D44N,1,test,0.4078175127506256,0.20281879603862762,,
AKT1||E17K,AKT1,E17K,0,test,0.46774592995643616,0.4183003902435303,,
AKT1||E267G,AKT1,E267G,1,test,0.49108201265335083,0.4009058177471161,,
AKT1||L52R,AKT1,L52R,0,test,0.502373993396759,0.3328709304332733,,
AKT1||Q79K,AKT1,Q79K,0,test,0.44939035177230835,0.31682148575782776,,
AKT1||R370C,AKT1,R370C,1,test,0.4845735728740692,0.426984965801239,,
AKT1||V201I,AKT1,V201I,0,test,0.43327853083610535,0.20224513113498688,,
ARSI||P228L,ARSI,P228L,0,train,,,,
ARSI||V373M,ARSI,V373M,0,train,,,,
B2M||A6V,B2M,A6V,1,test,0.42646926641464233,0.10247507691383362,,
B2M||D54N,B2M,D54N,0,test,0.4288729727268219,0.07373359799385071,,
BTC||P70S,BTC,P70S,0,test,0.4625123143196106,0.1043488159775734,,
C15orf23||P26L,C15orf23,P26L,0,train,,,,
C15orf23||P26S,C15orf23,P26S,1,train,,,,
C20orf72||P102S,C20orf72,P102S,0,test,0.42855897545814514,0.13078176975250244,,
CBFB||R151H,CBFB,R151H,0,test,0.47007548809051514,0.10842033475637436,,
CCNG1||E167K,CCNG1,E167K,0,validation,,,0.3851434,0.15339789
CD3E||E189Q,CD3E,E189Q,1,train,,,,
CD70||D165Y,CD70,D165Y,1,train,,,,
CDK4||A23S,CDK4,A23S,0,train,,,,
CDKN1B||C29F,CDKN1B,C29F,0,validation,,,0.5287179,0.13913552
CHD2||E287Q,CHD2,E287Q,0,train,,,,
CHD2||E412K,CHD2,E412K,0,train,,,,
CHD2||P195L,CHD2,P195L,0,train,,,,
COPS2||G68R,COPS2,G68R,0,train,,,,
CPXCR1||A56S,CPXCR1,A56S,0,train,,,,
CPXCR1||E73K,CPXCR1,E73K,0,train,,,,
CPXCR1||S102P,CPXCR1,S102P,0,train,,,,
CTNNB1||G34R,CTNNB1,G34R,0,train,,,,
CTNNB1||H36Y,CTNNB1,H36Y,0,train,,,,
CTNNB1||I35S,CTNNB1,I35S,0,train,,,,
CTNNB1||R535Q,CTNNB1,R535Q,0,train,,,,
CTNNB1||T257I,CTNNB1,T257I,0,train,,,,
CYP3A5||D336N,CYP3A5,D336N,0,validation,,,0.46316984,0.1445663
CYP3A5||G177R,CYP3A5,G177R,0,validation,,,0.47353157,0.057045188
DNAJC12||R178C,DNAJC12,R178C,0,train,,,,
DNASE2||Y182H,DNASE2,Y182H,0,train,,,,
EDNRB||F292L,EDNRB,F292L,0,train,,,,
EGFR||A289V,EGFR,A289V,0,train,,,,
ELF1||P32S,ELF1,P32S,0,test,0.38299742341041565,0.05586379021406174,,
ERBB2||R897Q,ERBB2,R897Q,0,train,,,,
EYS||N269H,EYS,N269H,0,test,0.5019922852516174,0.12661978602409363,,
EYS||Q172L,EYS,Q172L,0,test,0.5617045164108276,0.49058252573013306,,
FAM196A||Q46R,FAM196A,Q46R,1,train,,,,
FAM196A||R399Q,FAM196A,R399Q,0,train,,,,
FBXW7||A502V,FBXW7,A502V,0,train,,,,
FBXW7||I347M,FBXW7,I347M,0,train,,,,
FBXW7||R465C,FBXW7,R465C,0,train,,,,
FBXW7||R465H,FBXW7,R465H,0,train,,,,
FBXW7||R505C,FBXW7,R505C,0,train,,,,
FBXW7||R658Q,FBXW7,R658Q,0,train,,,,
FBXW7||R689Q,FBXW7,R689Q,0,train,,,,
FBXW7||S462Y,FBXW7,S462Y,0,train,,,,
FTH1||A161T,FTH1,A161T,0,train,,,,
GABRA6||G175R,GABRA6,G175R,0,train,,,,
GABRA6||G212R,GABRA6,G212R,0,train,,,,
GABRA6||P345S,GABRA6,P345S,0,train,,,,
GALNT14||R336Q,GALNT14,R336Q,0,train,,,,
GALNT14||V534F,GALNT14,V534F,0,train,,,,
GALNTL5||D221E,GALNTL5,D221E,0,validation,,,0.3812039,0.13151528
GALNTL5||G309E,GALNTL5,G309E,0,validation,,,0.49180397,0.3181548
GATA3||R330K,GATA3,R330K,0,train,,,,
GATA3||S118F,GATA3,S118F,0,train,,,,
GATA3||S140F,GATA3,S140F,0,train,,,,
GPR141||E267K,GPR141,E267K,0,validation,,,0.4683503,0.24381408
GPR141||Q224K,GPR141,Q224K,0,validation,,,0.46233225,0.25469142
GZMA||G210E,GZMA,G210E,0,validation,,,0.4901863,0.2332625
GZMA||H38N,GZMA,H38N,0,validation,,,0.4445117,0.2060963
H2AFX||K134N,H2AFX,K134N,0,train,,,,
HERPUD2||P46L,HERPUD2,P46L,0,test,0.49188196659088135,0.25251704454421997,,
HERPUD2||R285Q,HERPUD2,R285Q,0,test,0.5280647873878479,0.6264782547950745,,
HIST1H1E||A60D,HIST1H1E,A60D,1,train,,,,
HIST1H3B||A48S,HIST1H3B,A48S,0,train,,,,
HIST1H3B||L101W,HIST1H3B,L101W,0,train,,,,
HRAS||A11D,HRAS,A11D,0,test,0.36868977546691895,0.05354192107915878,,
HRAS||A59T,HRAS,A59T,0,test,0.472864031791687,0.2302839308977127,,
HRAS||G12A,HRAS,G12A,0,test,0.470692902803421,0.42811980843544006,,
HRAS||G12C,HRAS,G12C,0,test,0.4516758918762207,0.3270643353462219,,
HRAS||G12D,HRAS,G12D,0,test,0.4866020083427429,0.3823665380477905,,
HRAS||Q61K,HRAS,Q61K,0,test,0.5366596579551697,0.5277100801467896,,
HRAS||Q61L,HRAS,Q61L,0,test,0.47636687755584717,0.39165884256362915,,
HRAS||Q61R,HRAS,Q61R,0,test,0.5366596579551697,0.4793298542499542,,
HRH4||S170L,HRH4,S170L,0,validation,,,0.48658633,0.29908386
IDH1||E190K,IDH1,E190K,0,train,,,,
IDH1||P33S,IDH1,P33S,0,train,,,,
IDH1||R132H,IDH1,R132H,0,train,,,,
IDH2||A416V,IDH2,A416V,0,train,,,,
IDH2||A47V,IDH2,A47V,0,train,,,,
IDH2||E268D,IDH2,E268D,0,train,,,,
IDH2||G137E,IDH2,G137E,0,train,,,,
IDH2||I139F,IDH2,I139F,0,train,,,,
IDH2||R172K,IDH2,R172K,0,train,,,,
IDH2||R172M,IDH2,R172M,0,train,,,,
IDH2||T331M,IDH2,T331M,0,train,,,,
IKZF5||E135K,IKZF5,E135K,0,train,,,,
ILKAP||S61Y,ILKAP,S61Y,0,train,,,,
IRF4||R96L,IRF4,R96L,0,train,,,,
ISX||R86C,ISX,R86C,0,train,,,,
ISX||T87A,ISX,T87A,0,train,,,,
KIF2B||E161G,KIF2B,E161G,0,train,,,,
KIF2B||I119T,KIF2B,I119T,0,train,,,,
KIF2B||Q430H,KIF2B,Q430H,0,train,,,,
KIF2B||R504Q,KIF2B,R504Q,0,train,,,,
KIF2B||W60L,KIF2B,W60L,0,train,,,,
KIR3DL2||R96Q,KIR3DL2,R96Q,0,train,,,,
KLRC2||G174R,KLRC2,G174R,0,train,,,,
KPNA3||V154G,KPNA3,V154G,0,train,,,,
KRAS||A59G,KRAS,A59G,0,train,,,,
KRAS||D33E,KRAS,D33E,0,train,,,,
KRAS||E62K,KRAS,E62K,0,train,,,,
KRAS||G12A,KRAS,G12A,0,train,,,,
KRAS||G12C,KRAS,G12C,0,train,,,,
KRAS||G12D,KRAS,G12D,0,train,,,,
KRAS||G12S,KRAS,G12S,0,train,,,,
KRT26||S2C,KRT26,S2C,0,train,,,,
LCE1B||G102C,LCE1B,G102C,0,test,0.4501460790634155,0.19560879468917847,,
LCE1B||S42F,LCE1B,S42F,0,test,0.46996402740478516,0.23632587492465973,,
LZTR1||R810W,LZTR1,R810W,1,train,,,,
LZTR1||V456G,LZTR1,V456G,1,train,,,,
MAGEC2||D15N,MAGEC2,D15N,0,train,,,,
MAGEC2||E269K,MAGEC2,E269K,0,train,,,,
MAGEC2||G74V,MAGEC2,G74V,1,train,,,,
MAGEC2||R287W,MAGEC2,R287W,0,train,,,,
MAGEC2||S85I,MAGEC2,S85I,0,train,,,,
MAP2K1||C121S,MAP2K1,C121S,0,validation,,,0.38163364,0.13679957
MAP2K1||E203K,MAP2K1,E203K,0,validation,,,0.42745274,0.4526341
MAP2K1||L177M,MAP2K1,L177M,0,validation,,,0.44854704,0.24479136
MAP2K1||P124S,MAP2K1,P124S,0,validation,,,0.47225612,0.26206586
MFAP4||Y55S,MFAP4,Y55S,0,train,,,,
NFE2L2||G31R,NFE2L2,G31R,0,train,,,,
NFE2L2||G31V,NFE2L2,G31V,0,train,,,,
NFE2L2||N160S,NFE2L2,N160S,0,train,,,,
NFE2L2||T80K,NFE2L2,T80K,0,train,,,,
NFKBIA||P137S,NFKBIA,P137S,0,train,,,,
NRAS||Q61H,NRAS,Q61H,0,train,,,,
NRAS||Q61K,NRAS,Q61K,0,train,,,,
NRAS||Q61L,NRAS,Q61L,0,train,,,,
NRAS||Q61R,NRAS,Q61R,0,train,,,,
OMA1||P177S,OMA1,P177S,0,validation,,,0.50203943,0.17633072
OR2G6||I177F,OR2G6,I177F,0,train,,,,
OR2G6||K236M,OR2G6,K236M,0,train,,,,
OR2G6||N294Y,OR2G6,N294Y,0,train,,,,
OR2G6||N42S,OR2G6,N42S,0,train,,,,
OR2G6||R265K,OR2G6,R265K,0,train,,,,
OR2G6||W149C,OR2G6,W149C,0,train,,,,
OR2M2||N42Y,OR2M2,N42Y,0,train,,,,
OR2M2||V117I,OR2M2,V117I,0,train,,,,
OR2T33||F164V,OR2T33,F164V,0,train,,,,
OR2T33||L60P,OR2T33,L60P,0,train,,,,
OR2T33||P285L,OR2T33,P285L,0,train,,,,
OR2T33||R120S,OR2T33,R120S,0,train,,,,
OR2T33||W147C,OR2T33,W147C,0,train,,,,
OR2T33||W49L,OR2T33,W49L,0,train,,,,
OTUD6A||R171P,OTUD6A,R171P,0,train,,,,
OTUD6A||V211M,OTUD6A,V211M,0,train,,,,
PIK3CA||D1045V,PIK3CA,D1045V,0,train,,,,
PIK3CA||H1047Y,PIK3CA,H1047Y,0,train,,,,
PIK3CG||K973R,PIK3CG,K973R,0,train,,,,
PIK3CG||V168M,PIK3CG,V168M,0,train,,,,
PIK3CG||W212C,PIK3CG,W212C,0,train,,,,
PIK3R3||R383C,PIK3R3,R383C,0,train,,,,
PIK3R4||E1209K,PIK3R4,E1209K,0,test,0.4938621520996094,0.24458391964435577,,
PIK3R4||R998Q,PIK3R4,R998Q,0,test,0.46046340465545654,0.3124348521232605,,
PPIAL4G||N35H,PPIAL4G,N35H,0,train,,,,
PPP2R1A||R258H,PPP2R1A,R258H,0,train,,,,
PPP2R1A||S143F,PPP2R1A,S143F,0,train,,,,
PSG2||H245Y,PSG2,H245Y,0,validation,,,0.38926363,0.18542226
PSG2||S265C,PSG2,S265C,0,validation,,,0.4626229,0.19670919
PTEN||F90S,PTEN,F90S,0,train,,,,
PTEN||G127V,PTEN,G127V,0,train,,,,
PTEN||G129E,PTEN,G129E,0,train,,,,
PTEN||G129V,PTEN,G129V,0,train,,,,
PTEN||R173H,PTEN,R173H,0,train,,,,
RB1||F755I,RB1,F755I,0,train,,,,
RB1||I782M,RB1,I782M,0,train,,,,
RB1||L550I,RB1,L550I,0,train,,,,
RB1||R451H,RB1,R451H,0,train,,,,
RB1||V654L,RB1,V654L,0,train,,,,
REG1A||E80K,REG1A,E80K,0,train,,,,
REG1A||P105T,REG1A,P105T,0,train,,,,
REG1A||S131I,REG1A,S131I,0,train,,,,
REG3A||G85R,REG3A,G85R,0,train,,,,
REG3A||P109S,REG3A,P109S,0,train,,,,
RET||M918T,RET,M918T,0,validation,,,0.5398238,0.5561046
RHOA||F106L,RHOA,F106L,0,train,,,,
RHOA||G62E,RHOA,G62E,0,train,,,,
RHOA||R5Q,RHOA,R5Q,0,train,,,,
RHOA||S85F,RHOA,S85F,1,train,,,,
RHOA||T175M,RHOA,T175M,1,train,,,,
SAMHD1||D218H,SAMHD1,D218H,0,train,,,,
SAMHD1||I515T,SAMHD1,I515T,0,train,,,,
SERPINB4||A137E,SERPINB4,A137E,0,validation,,,0.3595167,0.10907283
SERPINB4||E110K,SERPINB4,E110K,0,validation,,,0.49859515,0.2550303
SERPINB4||E250K,SERPINB4,E250K,0,validation,,,0.47408083,0.27745587
SERPINB4||E290K,SERPINB4,E290K,0,validation,,,0.4604634,0.2362777
SERPINB4||F182I,SERPINB4,F182I,0,validation,,,0.50941026,0.47891384
SGK1||A48G,SGK1,A48G,0,train,,,,
SGK1||F27L,SGK1,F27L,0,train,,,,
SLC2A3||F88S,SLC2A3,F88S,0,train,,,,
SLC2A3||G109V,SLC2A3,G109V,0,train,,,,
SLC2A3||K49N,SLC2A3,K49N,0,train,,,,
SMAD2||D304G,SMAD2,D304G,1,train,,,,
SPANXN4||P4Q,SPANXN4,P4Q,0,train,,,,
SPATA8||E18K,SPATA8,E18K,0,train,,,,
SPATA8||P83T,SPATA8,P83T,0,train,,,,
SPOP||E47A,SPOP,E47A,1,train,,,,
SPOP||E50K,SPOP,E50K,1,train,,,,
SPOP||F102C,SPOP,F102C,0,train,,,,
SPOP||F133S,SPOP,F133S,0,train,,,,
SPOP||K101I,SPOP,K101I,0,train,,,,
SPOP||K134N,SPOP,K134N,0,train,,,,
SPOP||W131C,SPOP,W131C,1,train,,,,
SPOP||W131G,SPOP,W131G,1,train,,,,
STAG2||E134D,STAG2,E134D,0,train,,,,
STAG2||P572S,STAG2,P572S,1,train,,,,
STK11||D194Y,STK11,D194Y,0,train,,,,
SV2C||G146S,SV2C,G146S,0,test,0.5088050961494446,0.41686809062957764,,
SV2C||M727I,SV2C,M727I,0,test,0.4766555726528168,0.3541300296783447,,
SV2C||R121Q,SV2C,R121Q,0,test,0.38988661766052246,0.2068888247013092,,
SYCP1||E509K,SYCP1,E509K,0,train,,,,
SYCP1||E773K,SYCP1,E773K,0,train,,,,
TBL1XR1||L81V,TBL1XR1,L81V,0,train,,,,
TBL1XR1||R166Q,TBL1XR1,R166Q,0,train,,,,
TBL1XR1||T349M,TBL1XR1,T349M,0,train,,,,
TMPO||D185H,TMPO,D185H,0,train,,,,
TNF||S157R,TNF,S157R,0,train,,,,
TNFRSF14||A102P,TNFRSF14,A102P,0,train,,,,
TP53||C176F,TP53,C176F,0,train,,,,
TP53||C275F,TP53,C275F,0,train,,,,
TP53||C275S,TP53,C275S,0,train,,,,
TP53||I195F,TP53,I195F,0,train,,,,
TRAF3||D463N,TRAF3,D463N,1,validation,,,0.4971602,0.24097297
TRAT1||D40Y,TRAT1,D40Y,0,train,,,,
TRAT1||E76K,TRAT1,E76K,1,train,,,,
TRIM55||E369G,TRIM55,E369G,0,train,,,,
TRIM55||R322H,TRIM55,R322H,0,train,,,,
WBSCR17||A398V,WBSCR17,A398V,0,train,,,,
WBSCR17||D348N,WBSCR17,D348N,0,train,,,,
WBSCR17||E289K,WBSCR17,E289K,0,train,,,,
WBSCR17||E507K,WBSCR17,E507K,0,train,,,,
WBSCR17||S194R,WBSCR17,S194R,0,train,,,,
WIPI1||P139S,WIPI1,P139S,0,validation,,,0.47960773,0.2863073
WNT2||V334M,WNT2,V334M,0,train,,,,
XPO1||E571A,XPO1,E571A,0,train,,,,
XPO1||E571K,XPO1,E571K,0,train,,,,
XPO1||R553C,XPO1,R553C,0,train,,,,
YTHDC1||E483Q,YTHDC1,E483Q,0,validation,,,0.3919628,0.090063095
ZNF454||H462Y,ZNF454,H462Y,0,train,,,,
ZNF454||P299L,ZNF454,P299L,0,train,,,,
ACVRL1||P30S,ACVRL1,P30S,0,validation,,,0.42330563,0.115897894
AHCY||R38W,AHCY,R38W,0,train,,,,
AHCY||R335C,AHCY,R335C,0,train,,,,
AHCY||G123R,AHCY,G123R,0,train,,,,
AHCY||C421R,AHCY,C421R,0,train,,,,
ALK||D1529E,ALK,D1529E,0,train,,,,
AMHR2||R33W,AMHR2,R33W,0,validation,,,0.40085608,0.20996791
ANG||G110G,ANG,G110G,0,train,,,,
APOH||N75S,APOH,N75S,0,train,,,,
APOH||A160D,APOH,A160D,0,train,,,,
APOH||A119T,APOH,A119T,0,train,,,,
AQP1||V107I,AQP1,V107I,0,train,,,,
AQP1||V107G,AQP1,V107G,0,train,,,,
AQP1||G165D,AQP1,G165D,0,train,,,,
ARL13B||P396A,ARL13B,P396A,0,train,,,,
ARL13B||G315R,ARL13B,G315R,0,train,,,,
BTK||Y418H,BTK,Y418H,0,test,0.37776222825050354,0.08383508771657944,,
BTK||R236Q,BTK,R236Q,0,test,0.3847575783729553,0.07295002788305283,,
BTK||E205D,BTK,E205D,0,test,0.3735080361366272,0.08705206215381622,,
CAPN3||D778N,CAPN3,D778N,0,train,,,,
CFP||V53M,CFP,V53M,0,train,,,,
CFP||R79Q,CFP,R79Q,0,train,,,,
CFP||G250S,CFP,G250S,0,train,,,,
CFP||D299N,CFP,D299N,0,train,,,,
CRYGC||V86F,CRYGC,V86F,0,train,,,,
CRYGC||S106N,CRYGC,S106N,0,train,,,,
CRYGC||R91W,CRYGC,R91W,0,train,,,,
CRYGC||R48H,CRYGC,R48H,0,train,,,,
CRYGD||V126M,CRYGD,V126M,0,train,,,,
CRYGD||R15H,CRYGD,R15H,0,train,,,,
EFHC1||R159G,EFHC1,R159G,0,train,,,,
EFHC1||N607S,EFHC1,N607S,0,train,,,,
GGCX||V460I,GGCX,V460I,0,train,,,,
GGCX||S13I,GGCX,S13I,0,train,,,,
GGCX||R325Q,GGCX,R325Q,0,train,,,,
GGCX||D31N,GGCX,D31N,0,train,,,,
GNPTAB||R46Q,GNPTAB,R46Q,0,train,,,,
IL12RB1||R156H,IL12RB1,R156H,0,train,,,,
IL7R||V138I,IL7R,V138I,0,train,,,,
IL7R||T414M,IL7R,T414M,0,train,,,,
IL7R||T244I,IL7R,T244I,0,train,,,,
IL7R||I66T,IL7R,I66T,0,train,,,,
MC2R||T33I,MC2R,T33I,0,train,,,,
MC2R||P27R,MC2R,P27R,0,train,,,,
MC2R||A252T,MC2R,A252T,0,train,,,,
MCOLN1||T24N,MCOLN1,T24N,0,train,,,,
MCOLN1||S257R,MCOLN1,S257R,0,train,,,,
MCOLN1||R236Q,MCOLN1,R236Q,0,train,,,,
MCOLN1||L209F,MCOLN1,L209F,0,train,,,,
MITF||V427A,MITF,V427A,0,test,0.3615739047527313,0.05856737494468689,,
MITF||E208G,MITF,E208G,0,test,0.4274906516075134,0.05337315797805786,,
NR0B1||C200W,NR0B1,C200W,0,train,,,,
PNPLA3||Y220C,PNPLA3,Y220C,0,test,0.5070193409919739,0.164707213640213,,
PNPLA3||S453R,PNPLA3,S453R,0,test,0.40203428268432617,0.03056314028799534,,
PNPLA3||E331G,PNPLA3,E331G,0,test,0.39820605516433716,0.08873770385980606,,
PRODH||R521Q,PRODH,R521Q,0,train,,,,
PRODH||R453C,PRODH,R453C,0,train,,,,
RFXANK||R179C,RFXANK,R179C,0,train,,,,
RFXANK||Q251E,RFXANK,Q251E,0,train,,,,
RFXANK||P259S,RFXANK,P259S,0,train,,,,
RFXANK||E48D,RFXANK,E48D,0,train,,,,
RP2||T87I,RP2,T87I,0,train,,,,
RP2||R251G,RP2,R251G,0,train,,,,
RP2||I201V,RP2,I201V,0,train,,,,
RPE65||N321K,RPE65,N321K,0,train,,,,
RPE65||K294T,RPE65,K294T,1,train,,,,
SCARB2||V396I,SCARB2,V396I,0,train,,,,
SCARB2||R121Q,SCARB2,R121Q,0,train,,,,
SCARB2||M159V,SCARB2,M159V,0,train,,,,
SCARB2||G462E,SCARB2,G462E,0,train,,,,
SEMA4A||R723C,SEMA4A,R723C,0,train,,,,
SEMA4A||R510Q,SEMA4A,R510Q,0,train,,,,
SEMA4A||P682S,SEMA4A,P682S,0,train,,,,
SEMA4A||A676V,SEMA4A,A676V,0,train,,,,
SLC14A1||W171R,SLC14A1,W171R,0,train,,,,
SLC14A1||V76I,SLC14A1,V76I,0,train,,,,
SLC14A1||I117T,SLC14A1,I117T,0,train,,,,
SLC2A1||V433I,SLC2A1,V433I,0,train,,,,
SLC2A1||P479T,SLC2A1,P479T,0,train,,,,
SLC2A1||F104L,SLC2A1,F104L,0,train,,,,
SLC39A4||P84L,SLC39A4,P84L,0,train,,,,
STAG2||R560K,STAG2,R560K,0,train,,,,
STAG2||M1057V,STAG2,M1057V,0,train,,,,
STAG2||I314V,STAG2,I314V,0,train,,,,
TSFM||W91G,TSFM,W91G,0,train,,,,
TSFM||V252I,TSFM,V252I,0,train,,,,
TSFM||S2L,TSFM,S2L,0,train,,,,
TSFM||L266I,TSFM,L266I,0,train,,,,
VAPB||D162E,VAPB,D162E,0,train,,,,
VAPB||D130E,VAPB,D130E,0,train,,,,
