KEY,Gene,Mutation_used,Mislocalized,split,mlp_64d_probability,mlp_70d_probability
LDHA||K222E,LDHA,K222E,0,validation,0.20379619300365448,0.1386840045452118
PTEN||K6N,PTEN,K6N,0,train,,
ASS1||K310Q,ASS1,K310Q,0,validation,0.18908444046974182,0.12660865485668182
EPHX2||K55R,EPHX2,K55R,0,validation,0.19908985495567322,0.1264590322971344
FTH1||K54R,FTH1,K54R,0,train,,
GNPTAB||K4Q,GNPTAB,K4Q,1,train,,
HRAS||K117R,HRAS,K117R,0,test,0.2714359164237976,0.16502194106578827
OPTN||K435R,OPTN,K435R,0,validation,0.2075134962797165,0.12770986557006836
IRF4||K123R,IRF4,K123R,0,train,,
MAP2K1||K57T,MAP2K1,K57T,0,validation,0.18712525069713593,0.13109040260314941
APOC3||T94A,APOC3,T94A,0,train,,
AHCY||Y143C,AHCY,Y143C,0,train,,
ANTXR2||Y381C,ANTXR2,Y381C,0,train,,
BBS12||T501M,BBS12,T501M,0,train,,
BMP15||Y235C,BMP15,Y235C,0,train,,
BMP4||S91C,BMP4,S91C,0,train,,
CD44||T163K,CD44,T163K,0,test,0.22975066304206848,0.35688337683677673
CHST6||Y358D,CHST6,Y358D,0,train,,
CYB5A||T60A,CYB5A,T60A,0,train,,
DCX||S47R,DCX,S47R,1,train,,
DPM1||S248P,DPM1,S248P,0,train,,
ELF4||S369P,ELF4,S369P,0,test,0.1987977921962738,0.14429260790348053
ETHE1||Y38C,ETHE1,Y38C,1,validation,0.2913901209831238,0.2690393328666687
GDNF||T154S,GDNF,T154S,0,train,,
MCFD2||Y135N,MCFD2,Y135N,1,train,,
MPI||S102L,MPI,S102L,0,train,,
MSX2||S63C,MSX2,S63C,0,train,,
NME1||S120G,NME1,S120G,0,train,,
NR3C1||S651F,NR3C1,S651F,0,validation,0.23295822739601135,0.1564682126045227
OPTN||T202R,OPTN,T202R,0,validation,0.2062237709760666,0.13311289250850677
PKP2||S140F,PKP2,S140F,0,train,,
RDH12||T49M,RDH12,T49M,0,train,,
SBDS||S143W,SBDS,S143W,0,train,,
SORBS1||T237A,SORBS1,T237A,0,train,,
SPINT2||Y163C,SPINT2,Y163C,0,train,,
SYN3||S470N,SYN3,S470N,0,train,,
TEK||Y897S,TEK,Y897S,0,train,,
TUBB2B||S172P,TUBB2B,S172P,1,test,0.2821739912033081,0.28149840235710144
VHL||S38P,VHL,S38P,0,train,,
KRT6A||T552S,KRT6A,T552S,0,test,0.20104750990867615,0.12781348824501038
B2M||Y30H,B2M,Y30H,0,test,0.19715110957622528,0.15093965828418732
ERBB2||T182I,ERBB2,T182I,0,train,,
GPR141||T6N,GPR141,T6N,0,validation,0.21286740899085999,0.12693485617637634
NRAS||Y64D,NRAS,Y64D,0,train,,
RHOA||Y42C,RHOA,Y42C,0,train,,
RHOA||Y42S,RHOA,Y42S,0,train,,
SERPINB4||T347N,SERPINB4,T347N,0,validation,0.21645179390907288,0.12957796454429626
TP53||S215I,TP53,S215I,0,train,,
FSHR||N191I,FSHR,N191I,0,train,,
CRYAA||R21W,CRYAA,R21W,0,validation,0.4416983127593994,0.43354910612106323
DDX20||R693S,DDX20,R693S,0,test,0.19542427361011505,0.13486678898334503
LDHB||R172H,LDHB,R172H,0,train,,
NOP10||R34W,NOP10,R34W,0,train,,
PGAM2||R90W,PGAM2,R90W,0,train,,
TP53||R337H,TP53,R337H,0,train,,
RBM10||R171W,RBM10,R171W,0,train,,
GALNS||N204K,GALNS,N204K,0,train,,
KRT8||K464N,KRT8,K464N,0,train,,
MYL2||K104E,MYL2,K104E,0,train,,
BRAF||K601E,BRAF,K601E,0,train,,
A2M||C972Y,A2M,C972Y,0,validation,0.2417556345462799,0.20976793766021729
A4GALT||A219V,A4GALT,A219V,0,train,,
A4GALT||C96Y,A4GALT,C96Y,0,train,,
A4GALT||M183K,A4GALT,M183K,0,train,,
A4GALT||S100L,A4GALT,S100L,0,train,,
ABAT||R220K,ABAT,R220K,0,train,,
ABCG8||E423D,ABCG8,E423D,0,train,,
ABCG8||P231T,ABCG8,P231T,0,train,,
ABHD5||E260K,ABHD5,E260K,0,train,,
ABHD5||E7K,ABHD5,E7K,0,train,,
ACADM||A27V,ACADM,A27V,0,train,,
ACADM||K329E,ACADM,K329E,0,train,,
ACADM||M274V,ACADM,M274V,0,train,,
ACADM||R206C,ACADM,R206C,0,train,,
ACADS||G274S,ACADS,G274S,0,train,,
ACADS||R46W,ACADS,R46W,0,train,,
ACADS||W177R,ACADS,W177R,0,train,,
ACADSB||E387K,ACADSB,E387K,0,validation,0.29774704575538635,0.18271395564079285
ACADSB||T148I,ACADSB,T148I,0,validation,0.20207424461841583,0.13432326912879944
ACADSB||Y283C,ACADSB,Y283C,0,validation,0.523562490940094,0.45689457654953003
ACAT2||I254T,ACAT2,I254T,0,train,,
ACSM3||K367N,ACSM3,K367N,0,train,,
ACTA2||R292G,ACTA2,R292G,0,train,,
ACTB||E364K,ACTB,E364K,1,train,,
ACTB||R183W,ACTB,R183W,1,train,,
ACTC1||S273F,ACTC1,S273F,0,train,,
ACTN4||K255E,ACTN4,K255E,1,train,,
ACVR1||G328R,ACVR1,G328R,0,train,,
ACVR1||G356D,ACVR1,G356D,0,train,,
ACVR1||R206H,ACVR1,R206H,0,train,,
ACVR2B||R40H,ACVR2B,R40H,0,train,,
ACVR2B||V494I,ACVR2B,V494I,0,train,,
ACVRL1||C344P,ACVRL1,C344P,1,validation,0.2319687306880951,0.27593284845352173
ACVRL1||D330N,ACVRL1,D330N,0,validation,0.2563171982765198,0.13997910916805267
ACVRL1||E206G,ACVRL1,E206G,0,validation,0.4079432487487793,0.520026683807373
ACVRL1||E215K,ACVRL1,E215K,1,validation,0.268637478351593,0.15136705338954926
ACVRL1||E224K,ACVRL1,E224K,0,validation,0.42214393615722656,0.35093948245048523
ACVRL1||G48E,ACVRL1,G48E,1,validation,0.25008493661880493,0.16804763674736023
ACVRL1||K487T,ACVRL1,K487T,0,validation,0.20011945068836212,0.15090639889240265
ACVRL1||L337P,ACVRL1,L337P,1,validation,0.580147385597229,0.6960709095001221
ACVRL1||M376R,ACVRL1,M376R,1,validation,0.4833967685699463,0.8155733346939087
ACVRL1||P449L,ACVRL1,P449L,1,validation,0.7344633340835571,0.82368004322052
ACVRL1||R374W,ACVRL1,R374W,1,validation,0.46991676092147827,0.6671473979949951
ACVRL1||R484Q,ACVRL1,R484Q,0,validation,0.18259306252002716,0.13403408229351044
ACVRL1||V380G,ACVRL1,V380G,1,validation,0.2806529402732849,0.32256022095680237
ADH1C||I350V,ADH1C,I350V,0,train,,
ADIPOQ||G15G,ADIPOQ,G15G,1,test,0.18283089995384216,0.12848691642284393
ADIPOQ||I164T,ADIPOQ,I164T,0,test,0.2282112091779709,0.1375252604484558
ADIPOQ||R112C,ADIPOQ,R112C,1,test,0.8003654479980469,0.8747091293334961
ADORA3||I248L,ADORA3,I248L,0,train,,
ADRB2||A119D,ADRB2,A119D,1,test,0.762157678604126,0.8819793462753296
AGA||G302R,AGA,G302R,0,train,,
AGA||G60D,AGA,G60D,0,train,,
AGER||G82S,AGER,G82S,0,train,,
AGPAT2||A239V,AGPAT2,A239V,0,test,0.21208298206329346,0.1505993753671646
AHCY||A89V,AHCY,A89V,1,train,,
AHCY||D86G,AHCY,D86G,0,train,,
AHCY||R49C,AHCY,R49C,1,train,,
AIPL1||M79T,AIPL1,M79T,0,train,,
AIPL1||R270H,AIPL1,R270H,0,train,,
AIPL1||R302L,AIPL1,R302L,0,train,,
AK2||D165G,AK2,D165G,0,train,,
AK2||R103W,AK2,R103W,0,train,,
AK2||R186C,AK2,R186C,0,train,,
AKR1C3||H5Q,AKR1C3,H5Q,0,train,,
AKR1C4||L311V,AKR1C4,L311V,0,test,0.20477108657360077,0.13227060437202454
AKR1D1||P133R,AKR1D1,P133R,0,train,,
AKR1D1||P198L,AKR1D1,P198L,0,train,,
AKR1D1||R261C,AKR1D1,R261C,0,train,,
AKT1||E242E,AKT1,E242E,0,test,0.18768265843391418,0.12578733265399933
AKT2||R274H,AKT2,R274H,0,validation,0.2734055519104004,0.34097498655319214
ALAS2||I289T,ALAS2,I289T,0,train,,
ALAS2||I476N,ALAS2,I476N,0,train,,
ALAS2||R448Q,ALAS2,R448Q,0,train,,
ALDH4A1||S352L,ALDH4A1,S352L,0,validation,0.4163355827331543,0.5041618347167969
ALDH6A1||G446R,ALDH6A1,G446R,0,train,,
ALDOA||C339Y,ALDOA,C339Y,0,train,,
ALDOA||D129G,ALDOA,D129G,0,train,,
ALG12||F142V,ALG12,F142V,0,train,,
ALG12||R146Q,ALG12,R146Q,0,train,,
ALG12||R311C,ALG12,R311C,0,train,,
ALG12||T67M,ALG12,T67M,0,train,,
ALOX5||E254K,ALOX5,E254K,0,test,0.2875858545303345,0.13110774755477905
AMACR||L107P,AMACR,L107P,0,train,,
AMACR||S52P,AMACR,S52P,0,train,,
AMHR2||D426G,AMHR2,D426G,0,validation,0.21786656975746155,0.25430387258529663
AMHR2||D491H,AMHR2,D491H,0,validation,0.21149089932441711,0.12565205991268158
AMHR2||G142V,AMHR2,G142V,0,validation,0.19083090126514435,0.1333756148815155
AMHR2||H282Q,AMHR2,H282Q,1,validation,0.22796531021595,0.14952969551086426
AMHR2||R504C,AMHR2,R504C,0,validation,0.788960337638855,0.8783402442932129
AMHR2||R54C,AMHR2,R54C,1,validation,0.21598994731903076,0.30591699481010437
AMHR2||V458A,AMHR2,V458A,0,validation,0.21661463379859924,0.2918481230735779
AMT||G269D,AMT,G269D,0,train,,
AMT||N145I,AMT,N145I,0,train,,
AMT||R320H,AMT,R320H,0,train,,
AMT||V212A,AMT,V212A,0,train,,
ANG||G86G,ANG,G86G,0,train,,
ANG||P112L,ANG,P112L,1,train,,
ANG||Q36L,ANG,Q36L,1,train,,
ANGPTL3||D41N,ANGPTL3,D41N,0,train,,
ANGPTL3||L164F,ANGPTL3,L164F,0,train,,
ANGPTL3||Y417C,ANGPTL3,Y417C,0,train,,
ANKRD1||T116M,ANKRD1,T116M,0,train,,
ANTXR2||V386F,ANTXR2,V386F,0,train,,
ANTXR2||V394A,ANTXR2,V394A,0,train,,
ANXA11||R230C,ANXA11,R230C,0,train,,
AOAH||D28N,AOAH,D28N,0,test,0.18959374725818634,0.12699046730995178
APBB3||T318T,APBB3,T318T,0,test,0.18726105988025665,0.12559668719768524
APEX1||E126D,APEX1,E126D,0,train,,
APEX1||G306A,APEX1,G306A,0,train,,
APEX1||Q51H,APEX1,Q51H,0,train,,
APOC3||D45N,APOC3,D45N,0,train,,
APOC3||Q58K,APOC3,Q58K,0,train,,
APOD||F56V,APOD,F56V,0,train,,
APOD||T178K,APOD,T178K,0,train,,
APOH||C325G,APOH,C325G,1,train,,
APOH||W335S,APOH,W335S,0,train,,
AQP1||N192K,AQP1,N192K,1,train,,
AQP1||P38L,AQP1,P38L,1,train,,
AQP1||Q47R,AQP1,Q47R,0,train,,
AQP2||G64R,AQP2,G64R,1,train,,
AQP2||R187H,AQP2,R187H,1,train,,
AQP2||T126M,AQP2,T126M,1,train,,
AQP4||D184E,AQP4,D184E,0,test,0.7191633582115173,0.5159724354743958
AQP4||I128T,AQP4,I128T,0,test,0.2109161913394928,0.14596772193908691
AQP4||M224T,AQP4,M224T,0,test,0.1906808763742447,0.1826031655073166
AQP4||M278T,AQP4,M278T,0,test,0.2934989333152771,0.1914275884628296
ARG1||T290S,ARG1,T290S,0,train,,
ARHGEF9||G55A,ARHGEF9,G55A,1,train,,
ARL11||C148R,ARL11,C148R,0,train,,
ARL13B||R200C,ARL13B,R200C,1,train,,
ARSE||G245R,ARSE,G245R,0,train,,
ARSE||G317R,ARSE,G317R,0,train,,
ARSE||P578S,ARSE,P578S,0,train,,
ARSE||R12S,ARSE,R12S,0,train,,
ASPA||E285A,ASPA,E285A,0,train,,
ASPA||I143F,ASPA,I143F,0,train,,
ASPA||M195R,ASPA,M195R,0,train,,
ASS1||G14S,ASS1,G14S,0,validation,0.22117237746715546,0.13423621654510498
ASS1||V345G,ASS1,V345G,0,validation,0.2652602791786194,0.23459239304065704
ATCAY||S301R,ATCAY,S301R,0,train,,
ATF6||A145P,ATF6,A145P,0,train,,
ATF6||P157S,ATF6,P157S,0,train,,
ATP2B2||G293S,ATP2B2,G293S,0,train,,
ATPAF2||W94R,ATPAF2,W94R,0,train,,
AVPR2||N55D,AVPR2,N55D,0,train,,
AXIN2||V539M,AXIN2,V539M,0,train,,
B4GALT7||A186D,B4GALT7,A186D,0,train,,
BAAT||M76V,BAAT,M76V,0,train,,
BANK1||A383T,BANK1,A383T,0,test,0.18734543025493622,0.13178876042366028
BANK1||R61H,BANK1,R61H,0,test,0.19926096498966217,0.1312766969203949
BBS10||C91W,BBS10,C91W,0,test,0.23385164141654968,0.135883167386055
BBS12||G540V,BBS12,G540V,0,train,,
BBS12||P159L,BBS12,P159L,0,train,,
BBS7||T211I,BBS7,T211I,0,train,,
BCAM||R175Q,BCAM,R175Q,0,train,,
BCAM||R77H,BCAM,R77H,0,train,,
BCAM||T539A,BCAM,T539A,0,train,,
BCHE||L358I,BCHE,L358I,0,train,,
BCHE||Q546L,BCHE,Q546L,0,train,,
BCHE||Y156C,BCHE,Y156C,0,train,,
BCKDHB||H206R,BCKDHB,H206R,0,test,0.4367416799068451,0.5796976089477539
BCL10||A5S,BCL10,A5S,0,train,,
BCL10||L8L,BCL10,L8L,0,train,,
BCS1L||P99L,BCS1L,P99L,0,train,,
BCS1L||Q302E,BCS1L,Q302E,0,train,,
BCS1L||R144Q,BCS1L,R144Q,0,train,,
BDNF||T2I,BDNF,T2I,0,train,,
BEST1||L567F,BEST1,L567F,0,train,,
BEST1||R218G,BEST1,R218G,0,train,,
BEST1||R92C,BEST1,R92C,0,train,,
BEST1||Y85H,BEST1,Y85H,0,train,,
BHMT||R239Q,BHMT,R239Q,0,train,,
BLMH||I443V,BLMH,I443V,0,train,,
BMI1||C18Y,BMI1,C18Y,0,train,,
BMP15||N196K,BMP15,N196K,0,train,,
BMP15||R61Q,BMP15,R61Q,0,train,,
BMP15||R76C,BMP15,R76C,0,train,,
BMP4||G168A,BMP4,G168A,0,train,,
BMP4||S367T,BMP4,S367T,0,train,,
BMP4||T225A,BMP4,T225A,0,train,,
BMP7||R303C,BMP7,R303C,0,train,,
BMPR1B||I200K,BMPR1B,I200K,0,train,,
BMPR1B||R486Q,BMPR1B,R486Q,0,train,,
BMPR1B||R486W,BMPR1B,R486W,0,train,,
BMPR2||R491Q,BMPR2,R491Q,0,train,,
BPGM||R62Q,BPGM,R62Q,0,train,,
BPGM||R90C,BPGM,R90C,0,train,,
BRIP1||P47A,BRIP1,P47A,0,train,,
BSND||G284D,BSND,G284D,0,train,,
BSND||G47R,BSND,G47R,0,train,,
BSND||R8W,BSND,R8W,1,train,,
BSND||V43I,BSND,V43I,1,train,,
BST1||R125H,BST1,R125H,0,validation,0.19362184405326843,0.1281752586364746
BTC||C7G,BTC,C7G,0,test,0.23316442966461182,0.2808280885219574
BTK||C154S,BTK,C154S,0,test,0.2286701202392578,0.13819245994091034
BTK||I56T,BTK,I56T,1,test,0.2677931785583496,0.15395832061767578
BTK||K430E,BTK,K430E,0,test,0.551064670085907,0.5195154547691345
BTK||L358F,BTK,L358F,0,test,0.447409063577652,0.22358112037181854
BTK||M509I,BTK,M509I,0,test,0.37902846932411194,0.28819864988327026
BTK||P565L,BTK,P565L,0,test,0.24374154210090637,0.20674972236156464
BTK||R307T,BTK,R307T,0,test,0.23239466547966003,0.17776091396808624
BTK||V219V,BTK,V219V,0,test,0.18345867097377777,0.12627185881137848
BTK||V64F,BTK,V64F,0,test,0.4591735005378723,0.45671766996383667
BTK||Y591S,BTK,Y591S,0,test,0.21316012740135193,0.13654805719852448
C1QA||G92G,C1QA,G92G,0,train,,
C1QB||G42D,C1QB,G42D,0,train,,
C1QB||G244R,C1QB,G244R,0,train,,
C1QC||G34R,C1QC,G34R,0,train,,
C2||C131Y,C2,C131Y,0,train,,
C2||E318D,C2,E318D,0,train,,
C2||G464R,C2,G464R,0,train,,
C2||S209F,C2,S209F,0,train,,
CA1||R247H,CA1,R247H,0,train,,
CA4||R14W,CA4,R14W,0,test,0.1951909363269806,0.13232943415641785
CA4||R219S,CA4,R219S,0,test,0.22261615097522736,0.15295565128326416
CA4||R69H,CA4,R69H,0,test,0.194408118724823,0.1277618259191513
CABP4||R124C,CABP4,R124C,0,train,,
CACNB4||C104F,CACNB4,C104F,0,train,,
CACNB4||R468Q,CACNB4,R468Q,0,train,,
CADM1||H246N,CADM1,H246N,0,train,,
CADM1||Y251S,CADM1,Y251S,0,train,,
CAPN3||A798E,CAPN3,A798E,0,train,,
CAPN3||T706K,CAPN3,T706K,1,train,,
CARTPT||L61F,CARTPT,L61F,0,train,,
CAT||D54E,CAT,D54E,0,train,,
CAT||E67D,CAT,E67D,0,train,,
CAT||R354H,CAT,R354H,0,train,,
CAV3||D28E,CAV3,D28E,1,validation,0.2315739095211029,0.1402531862258911
CAV3||G56S,CAV3,G56S,0,validation,0.19347059726715088,0.1274782121181488
CAV3||S141R,CAV3,S141R,0,validation,0.44121789932250977,0.4905053973197937
CAV3||T78M,CAV3,T78M,0,validation,0.27260392904281616,0.20078599452972412
CCKBR||E288K,CCKBR,E288K,0,train,,
CCKBR||V125I,CCKBR,V125I,0,train,,
CCM2||L198R,CCM2,L198R,0,train,,
CCT5||H147R,CCT5,H147R,0,train,,
CD151||R171C,CD151,R171C,0,test,0.4529864192008972,0.5415852665901184
CD151||R178H,CD151,R178H,0,test,0.33756357431411743,0.5289853811264038
CD38||R140W,CD38,R140W,0,train,,
CD40||P227A,CD40,P227A,0,train,,
CD44||R46P,CD44,R46P,0,test,0.3887030780315399,0.5607196092605591
CD79B||G137S,CD79B,G137S,0,validation,0.2249681055545807,0.1350269913673401
CD96||T280M,CD96,T280M,0,train,,
CDA||A70T,CDA,A70T,0,train,,
CDC73||L64P,CDC73,L64P,0,validation,0.29699569940567017,0.4126947820186615
CDC73||R91P,CDC73,R91P,0,validation,0.21400794386863708,0.14506129920482635
CDKN1B||E172K,CDKN1B,E172K,0,validation,0.21964827179908752,0.1265774816274643
CDKN1B||I119T,CDKN1B,I119T,0,validation,0.18357783555984497,0.13003839552402496
CDKN1B||P95S,CDKN1B,P95S,0,validation,0.21207141876220703,0.1396830976009369
CER1||R19W,CER1,R19W,1,train,,
CERKL||R106S,CERKL,R106S,0,train,,
CETP||D459G,CETP,D459G,0,train,,
CETP||L168P,CETP,L168P,0,train,,
CETP||L313Q,CETP,L313Q,0,train,,
CETP||S349Y,CETP,S349Y,0,train,,
CFH||A307A,CFH,A307A,0,train,,
CFH||Q400K,CFH,Q400K,0,train,,
CFH||R127L,CFH,R127L,0,train,,
CFHR5||K144N,CFHR5,K144N,0,train,,
CFHR5||M514R,CFHR5,M514R,0,train,,
CFHR5||P46S,CFHR5,P46S,0,train,,
CFHR5||R356H,CFHR5,R356H,0,train,,
CFP||R346C,CFP,R346C,1,train,,
CFP||R100W,CFP,R100W,0,train,,
CFP||W321S,CFP,W321S,1,train,,
CHGA||G382S,CHGA,G382S,0,validation,0.19492517411708832,0.12578706443309784
CHGA||P388L,CHGA,P388L,0,validation,0.2034052610397339,0.12800796329975128
CHIT1||A442V,CHIT1,A442V,0,train,,
CHIT1||E74K,CHIT1,E74K,0,train,,
CHMP2B||D148Y,CHMP2B,D148Y,0,train,,
CHMP2B||N143S,CHMP2B,N143S,0,train,,
CHMP2B||Q206H,CHMP2B,Q206H,0,train,,
CHRNA3||Y215Y,CHRNA3,Y215Y,0,train,,
CHRNA4||L290V,CHRNA4,L290V,0,train,,
CHRNA4||S280F,CHRNA4,S280F,0,train,,
CHRNA4||S284L,CHRNA4,S284L,0,train,,
CHRNA4||T261I,CHRNA4,T261I,0,train,,
CHRNB1||L262M,CHRNB1,L262M,0,train,,
CHRNB1||V266M,CHRNB1,V266M,0,train,,
CHRND||E402K,CHRND,E402K,0,train,,
CHRND||I79K,CHRND,I79K,0,train,,
CHRND||L42P,CHRND,L42P,0,train,,
CHRND||Q288E,CHRND,Q288E,0,train,,
CHRNG||R86C,CHRNG,R86C,0,train,,
CHRNG||V107G,CHRNG,V107G,0,train,,
CHST6||H249P,CHST6,H249P,0,train,,
CHST6||Y110C,CHST6,Y110C,0,train,,
CIDEA||V115F,CIDEA,V115F,0,train,,
CIRH1A||R565W,CIRH1A,R565W,0,train,,
CLCN2||G715E,CLCN2,G715E,0,train,,
CLCN2||R577Q,CLCN2,R577Q,0,train,,
CLCNKB||A61D,CLCNKB,A61D,0,train,,
CLCNKB||P124L,CLCNKB,P124L,0,train,,
CLCNKB||R438H,CLCNKB,R438H,0,train,,
CLCNKB||T481S,CLCNKB,T481S,0,train,,
CLDN19||G20D,CLDN19,G20D,1,train,,
CLDN19||L90P,CLDN19,L90P,1,train,,
CLRN1||C40G,CLRN1,C40G,1,train,,
CLRN1||S105P,CLRN1,S105P,1,train,,
CLU||Q381P,CLU,Q381P,0,train,,
CNGA3||C191Y,CNGA3,C191Y,1,train,,
CNGA3||P163L,CNGA3,P163L,1,train,,
CNGA3||R563C,CNGA3,R563C,1,train,,
CNGA3||S401P,CNGA3,S401P,1,train,,
COLQ||D342E,COLQ,D342E,1,train,,
COMT||A72S,COMT,A72S,0,train,,
COMT||V158M,COMT,V158M,0,train,,
COX10||D336V,COX10,D336V,0,test,0.7808350324630737,0.6773320436477661
COX10||N204K,COX10,N204K,0,test,0.22304680943489075,0.13963350653648376
COX10||P225L,COX10,P225L,0,test,0.6842186450958252,0.35848182439804077
COX10||T196K,COX10,T196K,1,test,0.6327577829360962,0.6140211224555969
COX4I2||E138K,COX4I2,E138K,0,train,,
COX6B1||R20H,COX6B1,R20H,0,train,,
CPA4||G303C,CPA4,G303C,0,train,,
CPN1||G178D,CPN1,G178D,1,test,0.2017333060503006,0.13646511733531952
CPT1A||D454G,CPT1A,D454G,0,train,,
CPT1A||E360G,CPT1A,E360G,0,train,,
CPT1A||G709E,CPT1A,G709E,0,train,,
CPT1A||R123C,CPT1A,R123C,1,train,,
CRISP2||C196R,CRISP2,C196R,0,validation,0.26722121238708496,0.41149765253067017
CRYAA||R116C,CRYAA,R116C,0,validation,0.7163982391357422,0.759213924407959
CRYAA||R12C,CRYAA,R12C,0,validation,0.6490150690078735,0.870132565498352
CRYAA||R49C,CRYAA,R49C,0,validation,0.792885422706604,0.8234356641769409
CRYAB||D140N,CRYAB,D140N,0,train,,
CRYAB||P20S,CRYAB,P20S,0,train,,
CRYAB||R120G,CRYAB,R120G,1,train,,
CRYAB||R56W,CRYAB,R56W,0,train,,
CRYBB1||S228P,CRYBB1,S228P,1,train,,
CRYGC||R168W,CRYGC,R168W,0,train,,
CRYGC||T5P,CRYGC,T5P,1,train,,
CRYGD||E107A,CRYGD,E107A,1,train,,
CRYGD||G61C,CRYGD,G61C,0,train,,
CRYGD||P24T,CRYGD,P24T,0,train,,
CRYGD||R15C,CRYGD,R15C,1,train,,
CRYGS||G18V,CRYGS,G18V,0,validation,0.21797648072242737,0.13840381801128387
CRYGS||S39C,CRYGS,S39C,0,validation,0.22102241218090057,0.13900646567344666
CRYM||K314T,CRYM,K314T,0,train,,
CSNK1D||R324H,CSNK1D,R324H,0,train,,
CSNK1D||T44A,CSNK1D,T44A,0,train,,
CSRP3||L44P,CSRP3,L44P,0,train,,
CSRP3||Q91L,CSRP3,Q91L,0,train,,
CSRP3||R100H,CSRP3,R100H,0,train,,
CSRP3||W4R,CSRP3,W4R,0,train,,
CTLA4||I53M,CTLA4,I53M,0,train,,
CTRC||M200V,CTRC,M200V,1,train,,
CTSG||N125S,CTSG,N125S,0,train,,
CTSK||G146R,CTSK,G146R,0,train,,
CTSK||G79R,CTSK,G79R,0,train,,
CTSK||I249T,CTSK,I249T,0,train,,
CUL4B||R572C,CUL4B,R572C,0,train,,
CUL4B||T213I,CUL4B,T213I,0,train,,
CXCL16||A200V,CXCL16,A200V,0,train,,
CYBB||C244S,CYBB,C244S,0,train,,
CYBB||P415H,CYBB,P415H,0,train,,
CYBB||R54G,CYBB,R54G,0,train,,
CYBRD1||R226H,CYBRD1,R226H,0,train,,
CYCS||G42S,CYCS,G42S,1,validation,0.21416020393371582,0.1276962161064148
CYP19A1||M127R,CYP19A1,M127R,0,train,,
CYP19A1||R435C,CYP19A1,R435C,0,train,,
CYP19A1||V370M,CYP19A1,V370M,0,train,,
CYP19A1||W39R,CYP19A1,W39R,0,train,,
CYP1A1||I462V,CYP1A1,I462V,0,train,,
CYP1A1||T461N,CYP1A1,T461N,0,train,,
CYP1A2||F186L,CYP1A2,F186L,1,train,,
CYP1A2||R377Q,CYP1A2,R377Q,0,train,,
CYP1A2||R456H,CYP1A2,R456H,1,train,,
CYP27B1||D164N,CYP27B1,D164N,0,train,,
CYP27B1||E189G,CYP27B1,E189G,0,train,,
CYP27B1||Q65H,CYP27B1,Q65H,0,train,,
CYP27B1||R107H,CYP27B1,R107H,0,train,,
CYP2A6||G479V,CYP2A6,G479V,0,train,,
CYP2A6||L160H,CYP2A6,L160H,0,train,,
CYP2A6||V110L,CYP2A6,V110L,0,train,,
CYP2A6||V365M,CYP2A6,V365M,0,train,,
CYP2C9||I359L,CYP2C9,I359L,0,train,,
CYP2C9||V490F,CYP2C9,V490F,0,train,,
CYP2E1||R76H,CYP2E1,R76H,0,train,,
CYP2J2||G312R,CYP2J2,G312R,0,train,,
CYP2J2||I192N,CYP2J2,I192N,0,train,,
CYP2J2||N404Y,CYP2J2,N404Y,0,train,,
CYP3A4||I118V,CYP3A4,I118V,0,train,,
CYP3A4||L373F,CYP3A4,L373F,0,train,,
CYP3A4||P467S,CYP3A4,P467S,0,train,,
CYP3A4||R130Q,CYP3A4,R130Q,0,train,,
CYP3A5||A337T,CYP3A5,A337T,0,validation,0.18401196599006653,0.13123264908790588
CYP3A5||F446S,CYP3A5,F446S,0,validation,0.2857348918914795,0.26565223932266235
CYP4F12||V90I,CYP4F12,V90I,0,train,,
D2HGDH||D375Y,D2HGDH,D375Y,0,train,,
D2HGDH||N439D,D2HGDH,N439D,0,train,,
D2HGDH||V444A,D2HGDH,V444A,0,train,,
DARS2||C152F,DARS2,C152F,0,test,0.4526829719543457,0.3432942032814026
DARS2||S45G,DARS2,S45G,0,test,0.1897069215774536,0.12765277922153473
DARS2||Y629C,DARS2,Y629C,0,test,0.630794107913971,0.573766827583313
DCK||A119G,DCK,A119G,0,train,,
DCK||I24V,DCK,I24V,0,train,,
DCK||P122S,DCK,P122S,0,train,,
DCLRE1C||G118V,DCLRE1C,G118V,0,train,,
DCLRE1C||H35D,DCLRE1C,H35D,0,train,,
DCX||G253D,DCX,G253D,0,train,,
DCX||L43S,DCX,L43S,1,train,,
DCX||R178C,DCX,R178C,0,train,,
DDB2||K244E,DDB2,K244E,0,validation,0.2275223284959793,0.3027709126472473
DDB2||L350P,DDB2,L350P,0,validation,0.2128688395023346,0.14613649249076843
DDB2||R273H,DDB2,R273H,0,validation,0.20362436771392822,0.14182423055171967
DFNB59||G292R,DFNB59,G292R,0,train,,
DFNB59||R265C,DFNB59,R265C,0,train,,
DFNB59||T54I,DFNB59,T54I,0,train,,
DGUOK||D255Y,DGUOK,D255Y,0,train,,
DGUOK||K51Q,DGUOK,K51Q,0,train,,
DGUOK||R142K,DGUOK,R142K,0,train,,
DGUOK||S107P,DGUOK,S107P,0,train,,
DISC1||R37W,DISC1,R37W,0,train,,
DKC1||F36V,DKC1,F36V,1,train,,
DKC1||R158W,DKC1,R158W,0,train,,
DLD||E375K,DLD,E375K,0,validation,0.23154255747795105,0.1668848842382431
DLD||G229C,DLD,G229C,0,validation,0.20220538973808289,0.13902047276496887
DLD||I393T,DLD,I393T,0,validation,0.18842902779579163,0.12918540835380554
DLD||K72E,DLD,K72E,0,validation,0.19869759678840637,0.13321428000926971
DMC1||M200V,DMC1,M200V,0,train,,
DMD||A3421V,DMD,A3421V,0,train,,
DMD||C3207R,DMD,C3207R,1,train,,
DMD||D3187G,DMD,D3187G,1,train,,
DMD||D3335H,DMD,D3335H,0,train,,
DNM2||E368K,DNM2,E368K,1,train,,
DPM1||R92G,DPM1,R92G,0,train,,
DPYS||G278D,DPYS,G278D,0,train,,
DPYS||Q334R,DPYS,Q334R,0,train,,
DPYS||R412M,DPYS,R412M,0,train,,
DRD1||A229T,DRD1,A229T,0,train,,
DRD1||S199A,DRD1,S199A,0,train,,
DRD1||T37P,DRD1,T37P,1,train,,
DRD1||T37R,DRD1,T37R,1,train,,
DRD2||P310S,DRD2,P310S,0,train,,
DRD2||P319P,DRD2,P319P,0,train,,
DRD2||S311C,DRD2,S311C,0,train,,
DRD2||V154I,DRD2,V154I,0,train,,
DTNBP1||P272S,DTNBP1,P272S,0,train,,
DYM||C542R,DYM,C542R,0,train,,
DYM||E87K,DYM,E87K,0,train,,
DYM||N469Y,DYM,N469Y,0,train,,
EBP||E80K,EBP,E80K,1,train,,
EBP||G157S,EBP,G157S,1,train,,
EBP||L18P,EBP,L18P,1,train,,
EBP||W196S,EBP,W196S,0,train,,
EDN3||A17T,EDN3,A17T,0,validation,0.1845192164182663,0.12846198678016663
EDN3||A224T,EDN3,A224T,1,validation,0.1846851110458374,0.13216185569763184
EDN3||C159F,EDN3,C159F,0,validation,0.5375257134437561,0.8764265775680542
EDN3||E48D,EDN3,E48D,0,validation,0.19068822264671326,0.1261015236377716
EDNRB||M132I,EDNRB,M132I,0,train,,
EDNRB||R434C,EDNRB,R434C,0,train,,
EDNRB||V111E,EDNRB,V111E,0,train,,
EDNRB||W276C,EDNRB,W276C,0,train,,
EFEMP1||R345W,EFEMP1,R345W,0,train,,
EFHC1||P77T,EFHC1,P77T,0,train,,
EFHC1||R221H,EFHC1,R221H,1,train,,
EFHC1||T508R,EFHC1,T508R,0,train,,
EGR2||E412K,EGR2,E412K,0,train,,
EGR2||I268N,EGR2,I268N,0,train,,
EIF2B1||P278R,EIF2B1,P278R,0,train,,
EIF2B1||V183F,EIF2B1,V183F,0,train,,
EIF2B1||Y275C,EIF2B1,Y275C,0,train,,
EIF2B2||E213G,EIF2B2,E213G,0,train,,
EIF2B2||G200A,EIF2B2,G200A,0,train,,
EIF2B2||V316D,EIF2B2,V316D,0,train,,
EIF2B4||A390D,EIF2B4,A390D,0,train,,
ELANE||A61V,ELANE,A61V,1,train,,
ELANE||C151S,ELANE,C151S,1,train,,
ELANE||G210V,ELANE,G210V,1,train,,
EPB42||A112T,EPB42,A112T,0,train,,
EPB42||R280Q,EPB42,R280Q,0,train,,
EPB42||R287C,EPB42,R287C,0,train,,
EPHX1||H139R,EPHX1,H139R,1,train,,
EPHX1||R43T,EPHX1,R43T,0,train,,
EPHX1||Y113H,EPHX1,Y113H,0,train,,
EPHX2||C154Y,EPHX2,C154Y,0,validation,0.207584947347641,0.12873110175132751
EPHX2||E470G,EPHX2,E470G,0,validation,0.22635464370250702,0.1317860633134842
EPHX2||R287Q,EPHX2,R287Q,0,validation,0.19617025554180145,0.1295177936553955
EPM2A||G279S,EPM2A,G279S,0,train,,
EPM2A||L310W,EPM2A,L310W,0,train,,
EPM2A||Y294N,EPM2A,Y294N,0,train,,
ERAP1||I276M,ERAP1,I276M,0,validation,0.2197357714176178,0.13305018842220306
ERCC1||F231L,ERCC1,F231L,0,train,,
ERCC3||K449R,ERCC3,K449R,0,train,,
ERMAP||E47K,ERMAP,E47K,0,train,,
ERMAP||G57R,ERMAP,G57R,0,train,,
ERMAP||P60A,ERMAP,P60A,0,train,,
ETFA||F144S,ETFA,F144S,0,train,,
ETFA||L212P,ETFA,L212P,0,train,,
ETFA||T266M,ETFA,T266M,0,train,,
ETHE1||L55P,ETHE1,L55P,1,validation,0.6481985449790955,0.29720789194107056
EXT1||D164H,EXT1,D164H,0,test,0.21585717797279358,0.1293051689863205
EXT1||G339D,EXT1,G339D,0,test,0.23017334938049316,0.1613212525844574
EXT1||P496L,EXT1,P496L,0,test,0.23251262307167053,0.14465324580669403
EXT1||Q27K,EXT1,Q27K,0,test,0.2882165312767029,0.2502676546573639
EXT2||A150T,EXT2,A150T,0,train,,
EXT2||D227N,EXT2,D227N,0,train,,
EXT2||E576K,EXT2,E576K,0,train,,
EXT2||I380T,EXT2,I380T,0,train,,
EYA1||R440Q,EYA1,R440Q,0,train,,
EYA1||T55M,EYA1,T55M,0,train,,
EYA1||Y527N,EYA1,Y527N,0,train,,
F10||E54G,F10,E54G,0,test,0.3418179154396057,0.27268463373184204
F10||R182M,F10,R182M,0,test,0.21654582023620605,0.14115308225154877
F10||R366C,F10,R366C,0,test,0.5565127730369568,0.683989405632019
F10||V382A,F10,V382A,0,test,0.21955737471580505,0.3105565011501312
F11||F301L,F11,F301L,0,train,,
F11||L360P,F11,L360P,0,train,,
F11||Q47H,F11,Q47H,0,train,,
F11||V516M,F11,V516M,0,train,,
F12||C590S,F12,C590S,0,train,,
F12||W505C,F12,W505C,0,train,,
F9||C170Y,F9,C170Y,0,train,,
F9||C407R,F9,C407R,0,train,,
F9||E27K,F9,E27K,0,train,,
F9||I210T,F9,I210T,0,train,,
FABP1||T94A,FABP1,T94A,1,train,,
FANCD2||L231R,FANCD2,L231R,0,train,,
FANCG||G546R,FANCG,G546R,0,train,,
FANCG||T297I,FANCG,T297I,0,train,,
FAS||E256G,FAS,E256G,0,train,,
FAS||H111P,FAS,H111P,0,train,,
FAS||T74T,FAS,T74T,0,train,,
FASLG||R156G,FASLG,R156G,0,train,,
FBLN5||G412E,FBLN5,G412E,0,train,,
FBLN5||Q124P,FBLN5,Q124P,0,train,,
FBLN5||S227P,FBLN5,S227P,1,train,,
FBLN5||V60L,FBLN5,V60L,1,train,,
FBP1||G260R,FBP1,G260R,0,validation,0.21565432846546173,0.13588286936283112
FBXO7||R378G,FBXO7,R378G,0,train,,
FCAR||D113N,FCAR,D113N,0,train,,
FCAR||R108R,FCAR,R108R,0,train,,
FCGR2B||I232T,FCGR2B,I232T,0,train,,
FCGR3A||L102H,FCGR3A,L102H,0,train,,
FCGR3A||L102R,FCGR3A,L102R,0,train,,
FECH||E178K,FECH,E178K,1,train,,
FECH||G55C,FECH,G55C,0,train,,
FECH||S264L,FECH,S264L,0,train,,
FECH||V362G,FECH,V362G,0,train,,
FFAR1||D175N,FFAR1,D175N,0,train,,
FFAR1||G180S,FFAR1,G180S,0,train,,
FGA||E559V,FGA,E559V,0,train,,
FGA||S453N,FGA,S453N,0,train,,
FGB||A365T,FGB,A365T,0,test,0.18373820185661316,0.13048705458641052
FGB||H97L,FGB,H97L,0,test,0.20089833438396454,0.12926802039146423
FGB||L202Q,FGB,L202Q,0,test,0.19571463763713837,0.13044092059135437
FGB||L383R,FGB,L383R,0,test,0.2652725279331207,0.3136749863624573
FGF10||C106F,FGF10,C106F,1,test,0.2790273129940033,0.14260730147361755
FGF10||G138E,FGF10,G138E,1,test,0.48649996519088745,0.7385650873184204
FGF10||I156R,FGF10,I156R,1,test,0.6178166270256042,0.6096593141555786
FGF10||R80S,FGF10,R80S,0,test,0.3321724832057953,0.6759511232376099
FGF14||F145S,FGF14,F145S,1,train,,
FGF8||H14N,FGF8,H14N,0,train,,
FGF8||P197R,FGF8,P197R,0,train,,
FGFR1||R622G,FGFR1,R622G,0,train,,
FGFR1||V607M,FGFR1,V607M,1,train,,
FGFR1||W666R,FGFR1,W666R,0,train,,
FGFR2||A648T,FGFR2,A648T,0,train,,
FGFR2||E565G,FGFR2,E565G,0,train,,
FGFR2||K641R,FGFR2,K641R,0,train,,
FGFR2||N549H,FGFR2,N549H,0,train,,
FGFR2||Q289P,FGFR2,Q289P,1,train,,
FGFR2||S267F,FGFR2,S267F,1,train,,
FGFR2||Y328C,FGFR2,Y328C,0,train,,
FGG||A108G,FGG,A108G,0,validation,0.20215058326721191,0.1420498490333557
FGG||C165Y,FGG,C165Y,0,validation,0.2593061327934265,0.1855534166097641
FGG||D356V,FGG,D356V,0,validation,0.18942861258983612,0.12893572449684143
FGG||G318V,FGG,G318V,0,validation,0.199135422706604,0.13265123963356018
FHL1||C101F,FHL1,C101F,0,train,,
FHL1||C153Y,FHL1,C153Y,0,train,,
FHL1||C224W,FHL1,C224W,0,train,,
FHL1||W122S,FHL1,W122S,0,train,,
FKBP6||F72L,FKBP6,F72L,0,train,,
FLCN||R239C,FLCN,R239C,0,train,,
FLT4||H1035R,FLT4,H1035R,1,train,,
FLT4||L1044P,FLT4,L1044P,1,train,,
FLT4||P1114L,FLT4,P1114L,1,train,,
FMO1||I303T,FMO1,I303T,0,train,,
FMO1||I303V,FMO1,I303V,0,train,,
FMO2||D36G,FMO2,D36G,0,train,,
FMO2||F182S,FMO2,F182S,0,train,,
FMO2||R238Q,FMO2,R238Q,0,train,,
FMO2||R391T,FMO2,R391T,0,train,,
FMO3||D132H,FMO3,D132H,0,train,,
FMO3||G503R,FMO3,G503R,0,train,,
FMO3||L360P,FMO3,L360P,0,train,,
FMO3||P153L,FMO3,P153L,0,train,,
FOXA3||G91R,FOXA3,G91R,0,train,,
FOXD4||W148R,FOXD4,W148R,0,train,,
FOXI1||G335V,FOXI1,G335V,0,test,0.1966560333967209,0.1284763664007187
FOXP3||I363V,FOXP3,I363V,0,train,,
FOXP3||L242P,FOXP3,L242P,0,train,,
FOXP3||P187L,FOXP3,P187L,0,train,,
FOXP3||Q70H,FOXP3,Q70H,0,train,,
FPR1||C126W,FPR1,C126W,0,test,0.2251545488834381,0.2807548940181732
FPR1||F110S,FPR1,F110S,0,test,0.25558558106422424,0.2271457463502884
FPR1||I11T,FPR1,I11T,0,test,0.18663015961647034,0.13586808741092682
FPR1||V101L,FPR1,V101L,0,test,0.20907370746135712,0.1542527675628662
FSHB||C69G,FSHB,C69G,1,train,,
FSHB||C100R,FSHB,C100R,0,train,,
FSHR||A419T,FSHR,A419T,1,train,,
FSHR||D567N,FSHR,D567N,0,train,,
FSHR||T449I,FSHR,T449I,1,train,,
FSHR||V221G,FSHR,V221G,0,train,,
FTL||A96T,FTL,A96T,0,train,,
FTL||H133P,FTL,H133P,0,train,,
FTL||R40G,FTL,R40G,0,train,,
FTL||T30I,FTL,T30I,0,train,,
FUCA1||G65D,FUCA1,G65D,0,train,,
FUCA1||L410R,FUCA1,L410R,0,train,,
FUCA1||N334Y,FUCA1,N334Y,0,train,,
FUCA1||S68L,FUCA1,S68L,0,train,,
FUT1||G90V,FUT1,G90V,0,train,,
FUT1||L164H,FUT1,L164H,0,train,,
FUT3||I356K,FUT3,I356K,0,validation,0.7399097681045532,0.6255429983139038
FUT3||L20R,FUT3,L20R,0,validation,0.6142319440841675,0.8727737665176392
FUT3||S124A,FUT3,S124A,0,validation,0.19788922369480133,0.15151655673980713
FUT7||R110Q,FUT7,R110Q,0,validation,0.2257484495639801,0.13349062204360962
FXN||L106S,FXN,L106S,0,test,0.29731616377830505,0.15205471217632294
FXN||R165C,FXN,R165C,0,test,0.3058948814868927,0.40919241309165955
FZD4||M105V,FZD4,M105V,0,validation,0.6137365102767944,0.6830638647079468
FZD4||R417Q,FZD4,R417Q,0,validation,0.30743879079818726,0.46877121925354004
FZD4||W335C,FZD4,W335C,0,validation,0.34463876485824585,0.31544259190559387
G6PC||G222R,G6PC,G222R,0,train,,
G6PC||P113L,G6PC,P113L,1,train,,
G6PC||R83C,G6PC,R83C,1,train,,
G6PC||V338F,G6PC,V338F,1,train,,
G6PC3||G260R,G6PC3,G260R,1,train,,
G6PC3||G262R,G6PC3,G262R,0,train,,
GABBR1||G489S,GABBR1,G489S,0,train,,
GABRA6||R46W,GABRA6,R46W,0,train,,
GABRD||R220C,GABRD,R220C,0,test,0.5117703080177307,0.6261188983917236
GABRG2||K328M,GABRG2,K328M,1,validation,0.6577197909355164,0.6620854139328003
GABRG2||R177G,GABRG2,R177G,0,validation,0.229654461145401,0.15051144361495972
GAD1||S12C,GAD1,S12C,0,train,,
GALE||G319E,GALE,G319E,0,train,,
GALE||G90E,GALE,G90E,0,train,,
GALE||N34S,GALE,N34S,0,train,,
GALNS||G116S,GALNS,G116S,0,train,,
GALNS||S295F,GALNS,S295F,0,train,,
GALT||G175D,GALT,G175D,0,train,,
GALT||H319Q,GALT,H319Q,0,train,,
GALT||R272H,GALT,R272H,0,train,,
GALT||Y34N,GALT,Y34N,0,train,,
GAMT||D135Y,GAMT,D135Y,0,train,,
GAMT||T209M,GAMT,T209M,0,train,,
GAN||A51P,GAN,A51P,0,train,,
GAN||C570Y,GAN,C570Y,0,train,,
GAN||E169K,GAN,E169K,0,train,,
GAN||E486K,GAN,E486K,0,train,,
GAN||G368R,GAN,G368R,0,train,,
GAN||I182N,GAN,I182N,0,train,,
GAN||I423T,GAN,I423T,0,train,,
GAN||I86F,GAN,I86F,0,train,,
GAN||L309R,GAN,L309R,0,train,,
GAN||L75H,GAN,L75H,0,train,,
GAN||P315L,GAN,P315L,0,train,,
GAN||R15S,GAN,R15S,0,train,,
GAN||R269Q,GAN,R269Q,0,train,,
GAN||Y299C,GAN,Y299C,0,train,,
GATA1||D218G,GATA1,D218G,0,train,,
GATA1||V205M,GATA1,V205M,0,train,,
GBA||L224F,GBA,L224F,0,train,,
GBA||L483P,GBA,L483P,0,train,,
GBA||R296Q,GBA,R296Q,0,train,,
GBA||V54L,GBA,V54L,0,train,,
GC||D432E,GC,D432E,0,train,,
GC||T436K,GC,T436K,0,train,,
GCDH||E181Q,GCDH,E181Q,0,train,,
GCDH||R402Q,GCDH,R402Q,0,train,,
GCDH||W50C,GCDH,W50C,0,train,,
GCDH||Y295H,GCDH,Y295H,0,train,,
GCKR||R518Q,GCKR,R518Q,0,train,,
GCLC||H370L,GCLC,H370L,0,train,,
GCLC||P158L,GCLC,P158L,0,train,,
GCLC||P414L,GCLC,P414L,0,train,,
GCLC||R127C,GCLC,R127C,0,train,,
GCNT2||G350E,GCNT2,G350E,0,train,,
GCNT2||R383H,GCNT2,R383H,0,train,,
GDAP1||L239F,GDAP1,L239F,0,validation,0.27983522415161133,0.14912626147270203
GDAP1||M116T,GDAP1,M116T,0,validation,0.1860024482011795,0.13507810235023499
GDAP1||R161H,GDAP1,R161H,0,validation,0.24061298370361328,0.16409340500831604
GDAP1||R310Q,GDAP1,R310Q,0,validation,0.20617346465587616,0.1384136974811554
GDF5||C400Y,GDF5,C400Y,0,validation,0.2262379378080368,0.14486011862754822
GDF5||M173V,GDF5,M173V,0,validation,0.2246054708957672,0.1745758354663849
GDF9||P103S,GDF9,P103S,0,train,,
GDF9||P374L,GDF9,P374L,0,train,,
GDF9||T238A,GDF9,T238A,0,train,,
GDF9||V216M,GDF9,V216M,0,train,,
GDI1||L92P,GDI1,L92P,0,train,,
GDI1||R423P,GDI1,R423P,0,train,,
GDNF||D150N,GDNF,D150N,0,train,,
GDNF||P21S,GDNF,P21S,0,train,,
GFAP||E207Q,GFAP,E207Q,0,train,,
GFAP||E374G,GFAP,E374G,1,train,,
GFAP||P47L,GFAP,P47L,0,train,,
GFAP||R258P,GFAP,R258P,1,train,,
GGCX||L394R,GGCX,L394R,1,train,,
GGCX||W157R,GGCX,W157R,1,train,,
GGH||T151I,GGH,T151I,0,test,0.19283044338226318,0.12766745686531067
GIF||I220T,GIF,I220T,0,train,,
GIF||S46L,GIF,S46L,0,train,,
GJA1||E352G,GJA1,E352G,0,train,,
GJA1||I130T,GJA1,I130T,0,train,,
GJD2||S196S,GJD2,S196S,0,train,,
GK||C262R,GK,C262R,0,train,,
GK||D446V,GK,D446V,0,train,,
GK||T284M,GK,T284M,0,train,,
GLE1||I684T,GLE1,I684T,0,train,,
GLE1||R569H,GLE1,R569H,0,train,,
GLE1||V617M,GLE1,V617M,0,train,,
GLUL||R324C,GLUL,R324C,0,train,,
GLUL||R341C,GLUL,R341C,0,train,,
GNAT1||G38D,GNAT1,G38D,0,train,,
GNAT1||Q200E,GNAT1,Q200E,0,train,,
GNMT||H177N,GNMT,H177N,0,train,,
GNMT||L49P,GNMT,L49P,0,train,,
GNMT||N141S,GNMT,N141S,0,train,,
GNRHR||Q106R,GNRHR,Q106R,1,train,,
GNRHR||Q11K,GNRHR,Q11K,0,train,,
GNRHR||S217R,GNRHR,S217R,1,train,,
GNRHR||Y284C,GNRHR,Y284C,0,train,,
GPAM||E131G,GPAM,E131G,0,train,,
GPC3||G556R,GPC3,G556R,0,train,,
GPC3||W296R,GPC3,W296R,0,train,,
GPIHBP1||G56R,GPIHBP1,G56R,0,train,,
GPIHBP1||Q115P,GPIHBP1,Q115P,0,train,,
GPX1||P200L,GPX1,P200L,0,train,,
GRN||P248L,GRN,P248L,0,train,,
GRPR||C6S,GRPR,C6S,0,train,,
GSS||R283C,GSS,R283C,0,train,,
GSTA2||P110S,GSTA2,P110S,0,train,,
GSTO1||A236V,GSTO1,A236V,0,train,,
GSTT1||D43N,GSTT1,D43N,0,train,,
GSTT1||T104P,GSTT1,T104P,0,train,,
GSTT1||T65M,GSTT1,T65M,0,train,,
GTF2H5||L21P,GTF2H5,L21P,0,train,,
GUSB||L243P,GUSB,L243P,0,train,,
GUSB||P148S,GUSB,P148S,0,train,,
GUSB||R382C,GUSB,R382C,0,train,,
GUSB||Y626H,GUSB,Y626H,0,train,,
HABP2||G534E,HABP2,G534E,0,train,,
HADHA||E510Q,HADHA,E510Q,0,train,,
HADHA||R676C,HADHA,R676C,0,train,,
HADHA||V282D,HADHA,V282D,0,train,,
HADHB||A326P,HADHB,A326P,0,train,,
HADHB||H379R,HADHB,H379R,1,train,,
HADHB||R61H,HADHB,R61H,1,train,,
HADHB||T133P,HADHB,T133P,0,train,,
HAL||R322P,HAL,R322P,0,train,,
HBB||A116D,HBB,A116D,0,train,,
HBB||D53G,HBB,D53G,0,train,,
HBB||L32P,HBB,L32P,0,train,,
HCCS||E159K,HCCS,E159K,0,test,0.24925026297569275,0.13864126801490784
HCCS||R217C,HCCS,R217C,0,test,0.21780292689800262,0.14488032460212708
HCRTR1||I408V,HCRTR1,I408V,0,train,,
HEXA||L484P,HEXA,L484P,0,validation,0.3199446201324463,0.6250835061073303
HEXA||R178H,HEXA,R178H,0,validation,0.19389459490776062,0.19282573461532593
HEXA||S4P,HEXA,S4P,0,validation,0.19373948872089386,0.13517870008945465
HFE||E168Q,HFE,E168Q,0,test,0.20419588685035706,0.1281883269548416
HFE||H63D,HFE,H63D,0,test,0.2509664297103882,0.1823674887418747
HFE||Q283P,HFE,Q283P,0,test,0.34268853068351746,0.264546275138855
HIF1AN||P41A,HIF1AN,P41A,0,test,0.2100687325000763,0.13662220537662506
HK1||L529S,HK1,L529S,0,train,,
HK1||T680S,HK1,T680S,0,train,,
HLA-DPB1||K98E,HLA-DPB1,K98E,0,train,,
HLCS||E42D,HLCS,E42D,0,train,,
HLCS||L237P,HLCS,L237P,0,train,,
HLCS||V547G,HLCS,V547G,0,train,,
HMBS||D61N,HMBS,D61N,0,train,,
HMBS||D99G,HMBS,D99G,0,train,,
HMBS||E209K,HMBS,E209K,0,train,,
HMBS||G274R,HMBS,G274R,0,train,,
HMGCL||R165Q,HMGCL,R165Q,0,train,,
HMGCL||S142F,HMGCL,S142F,0,train,,
HMGCL||V70L,HMGCL,V70L,0,train,,
HMGCS2||F174L,HMGCS2,F174L,0,train,,
HMGCS2||V54M,HMGCS2,V54M,1,train,,
HNF4A||C102W,HNF4A,C102W,0,train,,
HNF4A||D215Y,HNF4A,D215Y,0,train,,
HNF4A||E285D,HNF4A,E285D,0,train,,
HNF4A||M373R,HNF4A,M373R,0,train,,
HNF4A||R333H,HNF4A,R333H,0,train,,
HNF4A||V264M,HNF4A,V264M,0,train,,
HNMT||T105I,HNMT,T105I,0,train,,
HPD||A268V,HPD,A268V,0,train,,
HPD||Y160C,HPD,Y160C,0,train,,
HPGD||A140P,HPGD,A140P,0,test,0.24067656695842743,0.13184450566768646
HPGD||S193P,HPGD,S193P,0,test,0.23229345679283142,0.13670995831489563
HPS1||L239P,HPS1,L239P,0,train,,
HPS5||L624R,HPS5,L624R,0,train,,
HRAS||A146V,HRAS,A146V,0,test,0.255026638507843,0.13854831457138062
HRAS||E63K,HRAS,E63K,0,test,0.2096254527568817,0.12988407909870148
HRAS||H27H,HRAS,H27H,0,test,0.18467232584953308,0.12549901008605957
HRH2||N217D,HRH2,N217D,0,train,,
HSD17B10||L122V,HSD17B10,L122V,0,validation,0.20665617287158966,0.13816365599632263
HSD17B10||N247S,HSD17B10,N247S,0,validation,0.2063494622707367,0.12622171640396118
HSD17B10||R130C,HSD17B10,R130C,0,validation,0.588111937046051,0.5413208603858948
HSD17B3||A56T,HSD17B3,A56T,0,train,,
HSD17B3||G289S,HSD17B3,G289S,0,train,,
HSD17B3||Q176P,HSD17B3,Q176P,0,train,,
HSD17B3||R80Q,HSD17B3,R80Q,0,train,,
HSD17B4||G242E,HSD17B4,G242E,0,train,,
HSD17B4||R506H,HSD17B4,R506H,0,train,,
HSD17B4||S153L,HSD17B4,S153L,0,train,,
HSPB8||K141E,HSPB8,K141E,0,validation,0.3638109862804413,0.4854418635368347
HSPB8||T194T,HSPB8,T194T,0,validation,0.18262168765068054,0.12758007645606995
HTR1B||F124C,HTR1B,F124C,1,train,,
HTR3A||A33T,HTR3A,A33T,0,train,,
HTR3A||M257I,HTR3A,M257I,0,train,,
HTR3A||P391R,HTR3A,P391R,0,train,,
HTR3A||R344H,HTR3A,R344H,0,train,,
HYLS1||D211G,HYLS1,D211G,0,train,,
ICAM1||G241R,ICAM1,G241R,0,train,,
ICK||R272Q,ICK,R272Q,1,train,,
IDH3B||L132P,IDH3B,L132P,0,train,,
IFNA17||I184R,IFNA17,I184R,0,train,,
IFNAR1||V168L,IFNAR1,V168L,0,train,,
IFT80||H105Q,IFT80,H105Q,0,train,,
IGFBP5||R138W,IGFBP5,R138W,0,train,,
IHH||E131K,IHH,E131K,0,test,0.24183443188667297,0.35326579213142395
IHH||T154I,IHH,T154I,0,test,0.2153199166059494,0.14113998413085938
IHH||V190A,IHH,V190A,0,test,0.24872569739818573,0.4305121898651123
IL10||G15R,IL10,G15R,0,train,,
IL10RA||S159G,IL10RA,S159G,0,train,,
IL12RB1||C186S,IL12RB1,C186S,1,train,,
IL12RB1||C198R,IL12RB1,C198R,0,train,,
IL12RB1||L77P,IL12RB1,L77P,0,train,,
IL12RB1||R173P,IL12RB1,R173P,1,train,,
IL18||S35S,IL18,S35S,0,validation,0.18264667689800262,0.1257801353931427
IL1A||S113A,IL1A,S113A,0,train,,
IL1B||F105F,IL1B,F105F,0,test,0.1831766664981842,0.12665008008480072
IL2RG||R285Q,IL2RG,R285Q,0,train,,
IL2RG||S108P,IL2RG,S108P,1,train,,
IL2RG||W237R,IL2RG,W237R,1,train,,
IL7R||C74Y,IL7R,C74Y,1,train,,
IL7R||L55Q,IL7R,L55Q,1,train,,
IL7R||P132S,IL7R,P132S,1,train,,
IL9||T117M,IL9,T117M,0,test,0.2023228108882904,0.13360853493213654
IMPDH2||L263F,IMPDH2,L263F,0,train,,
INHA||A182D,INHA,A182D,0,train,,
INHA||A257T,INHA,A257T,0,train,,
INS||F48L,INS,F48L,0,train,,
INS||G84R,INS,G84R,0,train,,
INS||G90C,INS,G90C,0,train,,
INS||R55C,INS,R55C,0,train,,
INSL3||R102C,INSL3,R102C,0,train,,
INSL3||R105H,INSL3,R105H,0,train,,
INSR||A1161T,INSR,A1161T,0,train,,
INSR||R1201Q,INSR,R1201Q,0,train,,
INSR||W1227S,INSR,W1227S,1,train,,
ISYNA1||L343L,ISYNA1,L343L,0,train,,
ITGB2||C590R,ITGB2,C590R,0,test,0.6383104920387268,0.709731936454773
ITGB2||S138P,ITGB2,S138P,0,test,0.37799251079559326,0.13866475224494934
ITIH3||P36P,ITIH3,P36P,0,train,,
ITK||R335W,ITK,R335W,0,train,,
JAK2||V617F,JAK2,V617F,0,train,,
KCNA1||F414C,KCNA1,F414C,0,train,,
KCNA1||V174F,KCNA1,V174F,0,train,,
KCNE1||D76N,KCNE1,D76N,0,test,0.24214282631874084,0.20440955460071564
KCNE1||W87R,KCNE1,W87R,0,test,0.25525379180908203,0.42403778433799744
KCNE2||F60L,KCNE2,F60L,0,train,,
KCNE2||Q9E,KCNE2,Q9E,0,train,,
KCNE2||V65M,KCNE2,V65M,0,train,,
KCNE3||R83H,KCNE3,R83H,0,train,,
KCNE3||T4A,KCNE3,T4A,0,train,,
KCNE3||V17M,KCNE3,V17M,0,train,,
KCNJ1||A214V,KCNJ1,A214V,0,train,,
KCNJ1||I142T,KCNJ1,I142T,0,train,,
KCNJ1||K45E,KCNJ1,K45E,0,train,,
KCNJ1||R311Q,KCNJ1,R311Q,0,train,,
KCNJ10||G77R,KCNJ10,G77R,0,train,,
KCNJ10||P194H,KCNJ10,P194H,0,train,,
KCNJ10||R348C,KCNJ10,R348C,0,train,,
KCNJ10||R65P,KCNJ10,R65P,0,train,,
KCNJ11||L147P,KCNJ11,L147P,0,train,,
KCNJ11||R201H,KCNJ11,R201H,0,train,,
KCNJ11||V59A,KCNJ11,V59A,0,train,,
KCNJ13||R162W,KCNJ13,R162W,0,test,0.22772078216075897,0.292927086353302
KCNK9||G236R,KCNK9,G236R,0,test,0.20697923004627228,0.14944754540920258
KCNQ2||A196V,KCNQ2,A196V,0,train,,
KCNQ2||S122L,KCNQ2,S122L,0,train,,
KCNQ2||Y284C,KCNQ2,Y284C,0,train,,
KCNV2||G459D,KCNV2,G459D,0,train,,
KCNV2||L126Q,KCNV2,L126Q,0,train,,
KCNV2||R213P,KCNV2,R213P,0,train,,
KEL||L597P,KEL,L597P,1,train,,
KEL||R130W,KEL,R130W,0,train,,
KEL||R406Q,KEL,R406Q,0,train,,
KEL||T193M,KEL,T193M,0,train,,
KERA||N131D,KERA,N131D,0,train,,
KERA||N247S,KERA,N247S,0,train,,
KERA||T215K,KERA,T215K,0,train,,
KHK||A43T,KHK,A43T,0,test,0.20465442538261414,0.14109787344932556
KHK||G40R,KHK,G40R,0,test,0.22071942687034607,0.17438794672489166
KIF6||W719R,KIF6,W719R,0,train,,
KLHL10||A313T,KLHL10,A313T,0,test,0.1826253980398178,0.12683811783790588
KLHL10||Q216P,KLHL10,Q216P,0,test,0.1998206079006195,0.13915413618087769
KLK1||R77H,KLK1,R77H,0,train,,
KLKB1||A210E,KLKB1,A210E,0,train,,
KLKB1||C548Y,KLKB1,C548Y,0,train,,
KLKB1||G123R,KLKB1,G123R,0,train,,
KNG1||M178T,KNG1,M178T,0,train,,
KRIT1||D137G,KRIT1,D137G,0,train,,
KRT13||L115P,KRT13,L115P,1,train,,
KRT18||G340R,KRT18,G340R,0,train,,
KRT18||H128L,KRT18,H128L,0,train,,
KRT18||Q285R,KRT18,Q285R,0,train,,
KRT18||T103A,KRT18,T103A,0,train,,
KRT2||I477N,KRT2,I477N,1,train,,
KRT2||N186K,KRT2,N186K,1,train,,
KRT2||Q181P,KRT2,Q181P,1,train,,
KRT6A||A463P,KRT6A,A463P,1,test,0.2493678629398346,0.24210312962532043
KRT6A||F174V,KRT6A,F174V,1,test,0.5356507897377014,0.736927330493927
KRT6A||N171K,KRT6A,N171K,1,test,0.7646231651306152,0.8670722842216492
KRT8||R341H,KRT8,R341H,1,train,,
KRT8||V380I,KRT8,V380I,0,train,,
L2HGDH||G211V,L2HGDH,G211V,0,train,,
L2HGDH||G55D,L2HGDH,G55D,0,train,,
L2HGDH||H98R,L2HGDH,H98R,0,train,,
LARS2||H324Q,LARS2,H324Q,0,train,,
LBR||N547D,LBR,N547D,0,train,,
LDHB||W325R,LDHB,W325R,0,train,,
LDLRAP1||R238W,LDLRAP1,R238W,0,train,,
LEP||R105W,LEP,R105W,0,train,,
LEP||S141C,LEP,S141C,0,train,,
LEP||V110M,LEP,V110M,0,train,,
LFNG||F188L,LFNG,F188L,0,train,,
LHFPL5||T165M,LHFPL5,T165M,0,train,,
LHFPL5||Y127C,LHFPL5,Y127C,0,train,,
LHX4||L190R,LHX4,L190R,0,train,,
LHX4||P389T,LHX4,P389T,0,train,,
LHX4||R84C,LHX4,R84C,0,train,,
LIPA||G342W,LIPA,G342W,0,train,,
LIPA||Q85R,LIPA,Q85R,0,train,,
LIPC||N215S,LIPC,N215S,0,train,,
LIPC||T405M,LIPC,T405M,0,train,,
LIPG||I239T,LIPG,I239T,0,train,,
LIPG||M342V,LIPG,M342V,0,train,,
LIPG||N396S,LIPG,N396S,0,train,,
LIPG||T111I,LIPG,T111I,0,train,,
LRAT||S175R,LRAT,S175R,0,train,,
LRRK2||G2019S,LRRK2,G2019S,0,train,,
LTA||T60N,LTA,T60N,0,validation,0.21065935492515564,0.1283109486103058
LYZ||I74T,LYZ,I74T,0,train,,
MAGT1||V311G,MAGT1,V311G,0,train,,
MAP2K1||Y130C,MAP2K1,Y130C,0,validation,0.43024787306785583,0.5232223868370056
MAT1A||A55D,MAT1A,A55D,0,train,,
MAT1A||I322M,MAT1A,I322M,0,train,,
MAT1A||R199C,MAT1A,R199C,0,train,,
MBD4||E346K,MBD4,E346K,0,train,,
MBL2||R52C,MBL2,R52C,0,train,,
MC2R||C251F,MC2R,C251F,1,train,,
MC2R||H139Y,MC2R,H139Y,1,train,,
MC2R||L198P,MC2R,L198P,1,train,,
MC2R||S74I,MC2R,S74I,1,train,,
MCCC1||A289V,MCCC1,A289V,0,train,,
MCCC1||E134K,MCCC1,E134K,0,train,,
MCCC1||L437P,MCCC1,L437P,0,train,,
MCCC1||Q123H,MCCC1,Q123H,0,train,,
MCFD2||D81Y,MCFD2,D81Y,1,train,,
MCOLN1||D362Y,MCOLN1,D362Y,1,train,,
MCOLN1||F465L,MCOLN1,F465L,0,train,,
MECP2||R306H,MECP2,R306H,0,train,,
MECP2||S134F,MECP2,S134F,0,train,,
MEF2A||G283D,MEF2A,G283D,0,train,,
MEF2A||P279L,MEF2A,P279L,0,train,,
MFSD8||G52R,MFSD8,G52R,0,train,,
MFSD8||R233G,MFSD8,R233G,0,train,,
MFSD8||T294K,MFSD8,T294K,0,train,,
MID1||C266R,MID1,C266R,0,train,,
MID1||K370E,MID1,K370E,0,train,,
MID1||P151L,MID1,P151L,0,train,,
MLC1||A275D,MLC1,A275D,1,test,0.41030263900756836,0.17713017761707306
MLC1||G130R,MLC1,G130R,1,test,0.22165468335151672,0.13017192482948303
MLH1||A586D,MLH1,A586D,0,train,,
MLH1||G244D,MLH1,G244D,0,train,,
MLH1||R472I,MLH1,R472I,0,train,,
MLH1||S44F,MLH1,S44F,0,train,,
MMAA||G188R,MMAA,G188R,0,train,,
MMAA||L89P,MMAA,L89P,0,train,,
MMAA||R359Q,MMAA,R359Q,0,train,,
MMAB||A135T,MMAB,A135T,0,train,,
MMAB||I96T,MMAB,I96T,0,train,,
MMAB||R186Q,MMAB,R186Q,0,train,,
MMACHC||H122R,MMACHC,H122R,0,train,,
MMACHC||L116P,MMACHC,L116P,0,train,,
MMACHC||L193P,MMACHC,L193P,0,train,,
MMACHC||R206P,MMACHC,R206P,0,train,,
MMP10||G65R,MMP10,G65R,0,train,,
MMP13||F75S,MMP13,F75S,0,train,,
MMP2||R101H,MMP2,R101H,0,test,0.20512187480926514,0.4517422318458557
MPDU1||G73E,MPDU1,G73E,1,train,,
MPDU1||L119P,MPDU1,L119P,1,train,,
MPDU1||L74S,MPDU1,L74S,1,train,,
MPG||R60C,MPG,R60C,1,train,,
MPI||M51T,MPI,M51T,0,train,,
MPI||R418H,MPI,R418H,0,train,,
MSR1||D174Y,MSR1,D174Y,0,train,,
MSR1||K430R,MSR1,K430R,0,train,,
MSR1||P36A,MSR1,P36A,0,train,,
MSR1||S41Y,MSR1,S41Y,0,train,,
MST1||R689C,MST1,R689C,0,train,,
MTM1||H469R,MTM1,H469R,0,train,,
MTM1||N189S,MTM1,N189S,0,train,,
MTM1||V49F,MTM1,V49F,0,train,,
MTNR1A||A157V,MTNR1A,A157V,0,train,,
MUSK||V790M,MUSK,V790M,0,test,0.5753336548805237,0.21072034537792206
MVK||H20Q,MVK,H20Q,0,train,,
MVK||N205D,MVK,N205D,0,train,,
MVK||N301T,MVK,N301T,1,train,,
MVK||P167L,MVK,P167L,0,train,,
MYD88||L93P,MYD88,L93P,1,train,,
MYD88||R196C,MYD88,R196C,1,train,,
MYF6||A112S,MYF6,A112S,0,train,,
MYF6||A90D,MYF6,A90D,0,train,,
MYL2||A13T,MYL2,A13T,0,train,,
MYL2||G162R,MYL2,G162R,0,train,,
MYL2||R58Q,MYL2,R58Q,0,train,,
MYO1F||K552N,MYO1F,K552N,0,train,,
MYOZ2||S48P,MYOZ2,S48P,0,train,,
NAT1||V149I,NAT1,V149I,0,train,,
NCF1||G262S,NCF1,G262S,0,test,0.24263766407966614,0.13994796574115753
NCF2||G78E,NCF2,G78E,0,train,,
NCF2||N419I,NCF2,N419I,0,train,,
NCF2||R395W,NCF2,R395W,0,train,,
NCF2||R77Q,NCF2,R77Q,0,train,,
NDP||C128R,NDP,C128R,0,train,,
NDP||I18K,NDP,I18K,1,train,,
NDP||S101F,NDP,S101F,0,train,,
NDP||Y44C,NDP,Y44C,0,train,,
NDUFA13||K5N,NDUFA13,K5N,0,train,,
NDUFAF1||T207P,NDUFAF1,T207P,0,train,,
NDUFAF4||L65P,NDUFAF4,L65P,0,train,,
NDUFS3||P223L,NDUFS3,P223L,0,validation,0.642375648021698,0.5279901623725891
NDUFS7||R145H,NDUFS7,R145H,0,train,,
NDUFS7||V122M,NDUFS7,V122M,0,train,,
NDUFV1||C206G,NDUFV1,C206G,1,train,,
NDUFV1||T423M,NDUFV1,T423M,0,train,,
NELL1||R354W,NELL1,R354W,0,train,,
NEU1||G136E,NEU1,G136E,0,train,,
NEU1||L231H,NEU1,L231H,0,train,,
NEU1||L91R,NEU1,L91R,0,train,,
NEU1||R341G,NEU1,R341G,0,train,,
NEU2||R41Q,NEU2,R41Q,1,validation,0.23270487785339355,0.12947361171245575
NEUROD1||H241Q,NEUROD1,H241Q,0,train,,
NEUROD1||R111L,NEUROD1,R111L,0,train,,
NF2||L535P,NF2,L535P,1,train,,
NF2||N220Y,NF2,N220Y,0,train,,
NF2||R418C,NF2,R418C,0,train,,
NGF||R221W,NGF,R221W,0,train,,
NHLRC1||C26S,NHLRC1,C26S,0,train,,
NHLRC1||G194C,NHLRC1,G194C,0,train,,
NHLRC1||P366L,NHLRC1,P366L,0,train,,
NIPA1||A100T,NIPA1,A100T,0,validation,0.20333826541900635,0.16137154400348663
NIPA1||G106R,NIPA1,G106R,0,validation,0.303724080324173,0.32044312357902527
NLGN3||R451C,NLGN3,R451C,1,train,,
NOD1||E266K,NOD1,E266K,0,train,,
NODAL||R183Q,NODAL,R183Q,0,validation,0.18663032352924347,0.13163016736507416
NPC2||N111K,NPC2,N111K,0,train,,
NPC2||S67P,NPC2,S67P,0,train,,
NPC2||V30M,NPC2,V30M,0,train,,
NPPA||V32M,NPPA,V32M,0,train,,
NR0B1||I361T,NR0B1,I361T,0,train,,
NR0B1||L381P,NR0B1,L381P,1,train,,
NR0B1||N440I,NR0B1,N440I,1,train,,
NR0B1||R425T,NR0B1,R425T,1,train,,
NR0B1||W105C,NR0B1,W105C,0,train,,
NR0B1||W291C,NR0B1,W291C,0,train,,
NR1H3||S99S,NR1H3,S99S,0,train,,
NR1I2||A370T,NR1I2,A370T,0,train,,
NR1I2||Q158K,NR1I2,Q158K,0,train,,
NR1I2||R122Q,NR1I2,R122Q,0,train,,
NR1I2||R98C,NR1I2,R98C,0,train,,
NR1I3||H250R,NR1I3,H250R,0,train,,
NR1I3||L312P,NR1I3,L312P,0,train,,
NR3C1||D401H,NR3C1,D401H,0,validation,0.20137810707092285,0.12484695762395859
NR3C1||D641V,NR3C1,D641V,0,validation,0.19766095280647278,0.12949450314044952
NR3C1||F737L,NR3C1,F737L,0,validation,0.19102194905281067,0.12662148475646973
NR3C1||I747M,NR3C1,I747M,0,validation,0.21001294255256653,0.13251431286334991
NR3C1||R23K,NR3C1,R23K,0,validation,0.19662418961524963,0.16240635514259338
NR3C1||V571A,NR3C1,V571A,0,validation,0.226871520280838,0.34489676356315613
NR3C1||V729I,NR3C1,V729I,0,validation,0.18784043192863464,0.1285010427236557
NR5A1||R84H,NR5A1,R84H,0,train,,
NR5A1||R92Q,NR5A1,R92Q,0,train,,
NR5A1||V355M,NR5A1,V355M,0,train,,
NSDHL||A105V,NSDHL,A105V,0,train,,
NSDHL||G205S,NSDHL,G205S,0,train,,
NUDT6||R209Q,NUDT6,R209Q,0,train,,
OLFM2||A226A,OLFM2,A226A,0,train,,
OLR1||K167N,OLR1,K167N,0,test,0.19763514399528503,0.2113238126039505
OPRM1||R265H,OPRM1,R265H,0,train,,
OPTC||E66G,OPTC,E66G,0,train,,
OPTC||F162F,OPTC,F162F,0,train,,
OPTN||A336G,OPTN,A336G,0,validation,0.20211437344551086,0.13489654660224915
OPTN||E50K,OPTN,E50K,0,validation,0.29268330335617065,0.4253999590873718
OR13G1||I132V,OR13G1,I132V,0,train,,
OTC||F316S,OTC,F316S,0,train,,
OTC||G197E,OTC,G197E,0,train,,
OTC||R40H,OTC,R40H,0,train,,
OTX2||N225S,OTX2,N225S,0,test,0.20110423862934113,0.1275545358657837
OTX2||P133T,OTX2,P133T,0,test,0.22914962470531464,0.13177278637886047
OTX2||P134A,OTX2,P134A,0,test,0.2637259364128113,0.1419190615415573
OTX2||R89G,OTX2,R89G,0,test,0.31270477175712585,0.4058252274990082
OXCT1||C456F,OXCT1,C456F,0,train,,
OXCT1||G219E,OXCT1,G219E,0,train,,
OXCT1||V133E,OXCT1,V133E,0,train,,
PAFAH1B1||C356R,PAFAH1B1,C356R,0,train,,
PAFAH1B1||D155H,PAFAH1B1,D155H,0,train,,
PAFAH1B1||F31S,PAFAH1B1,F31S,0,train,,
PAFAH1B1||H149R,PAFAH1B1,H149R,0,train,,
PAFAH1B1||H277P,PAFAH1B1,H277P,0,train,,
PAFAH1B1||R241P,PAFAH1B1,R241P,0,train,,
PAFAH1B1||S167P,PAFAH1B1,S167P,0,train,,
PAFAH1B1||S399R,PAFAH1B1,S399R,0,train,,
PAFAH1B1||V383F,PAFAH1B1,V383F,0,train,,
PANK2||F550L,PANK2,F550L,0,train,,
PANK2||G521R,PANK2,G521R,0,train,,
PC||A610T,PC,A610T,0,train,,
PCBD1||C82R,PCBD1,C82R,0,train,,
PCBD1||E58K,PCBD1,E58K,0,train,,
PCBD1||E97K,PCBD1,E97K,0,train,,
PCBD1||T79I,PCBD1,T79I,0,train,,
PCCA||A75P,PCCA,A75P,0,train,,
PCCA||L417W,PCCA,L417W,0,train,,
PCCA||V360G,PCCA,V360G,0,train,,
PCCB||G112D,PCCB,G112D,0,train,,
PCCB||G131R,PCCB,G131R,0,train,,
PCCB||R165W,PCCB,R165W,0,train,,
PCCB||Y439C,PCCB,Y439C,0,train,,
PCSK1||G483R,PCSK1,G483R,0,train,,
PCSK1||N221D,PCSK1,N221D,0,train,,
PCSK1||S307L,PCSK1,S307L,0,train,,
PDHA1||L216F,PDHA1,L216F,0,train,,
PDHA1||R127W,PDHA1,R127W,0,train,,
PDHA1||R378H,PDHA1,R378H,0,train,,
PDHA1||R88C,PDHA1,R88C,0,train,,
PDHB||C306R,PDHB,C306R,0,train,,
PDHB||I142M,PDHB,I142M,0,train,,
PDHB||R36C,PDHB,R36C,0,train,,
PDHB||Y132C,PDHB,Y132C,0,train,,
PEMT||V175M,PEMT,V175M,0,train,,
PENK||G247D,PENK,G247D,1,train,,
PEPD||D276N,PEPD,D276N,0,test,0.21114905178546906,0.1296980082988739
PEPD||G448R,PEPD,G448R,0,test,0.2387472689151764,0.13236737251281738
PEPD||R184Q,PEPD,R184Q,0,test,0.19687190651893616,0.14446482062339783
PEPD||S202F,PEPD,S202F,0,test,0.29577308893203735,0.2690505385398865
PEX13||I326T,PEX13,I326T,0,train,,
PEX13||W313G,PEX13,W313G,0,train,,
PEX2||E55K,PEX2,E55K,0,train,,
PEX7||D134N,PEX7,D134N,0,train,,
PEX7||G217R,PEX7,G217R,0,train,,
PEX7||H110R,PEX7,H110R,0,train,,
PEX7||S164P,PEX7,S164P,0,train,,
PEX7||S25F,PEX7,S25F,0,train,,
PEX7||S262L,PEX7,S262L,0,train,,
PGAM2||E89A,PGAM2,E89A,0,train,,
PGK1||C316R,PGK1,C316R,0,train,,
PGK1||D268N,PGK1,D268N,0,train,,
PGK1||R206P,PGK1,R206P,0,train,,
PHEX||C77S,PHEX,C77S,0,test,0.2156945765018463,0.13524340093135834
PHEX||G579V,PHEX,G579V,0,test,0.24417467415332794,0.1435551941394806
PHEX||L206W,PHEX,L206W,0,test,0.7609938383102417,0.8306593894958496
PHEX||P558R,PHEX,P558R,0,test,0.3048008382320404,0.21522021293640137
PHKG2||D215N,PHKG2,D215N,0,train,,
PHKG2||G189E,PHKG2,G189E,0,train,,
PHKG2||H145Y,PHKG2,H145Y,0,train,,
PHKG2||L226R,PHKG2,L226R,0,train,,
PHKG2||V106E,PHKG2,V106E,0,train,,
PHYH||I199F,PHYH,I199F,0,train,,
PHYH||N83Y,PHYH,N83Y,0,train,,
PIGR||A580V,PIGR,A580V,0,validation,0.18629585206508636,0.12683553993701935
PIK3CD||E1021K,PIK3CD,E1021K,0,test,0.34135913848876953,0.3079354166984558
PIK3R1||M326I,PIK3R1,M326I,0,validation,0.1822855919599533,0.12764663994312286
PIK3R1||R409Q,PIK3R1,R409Q,0,validation,0.19587408006191254,0.12961405515670776
PIP4K2A||N251S,PIP4K2A,N251S,0,train,,
PITX1||E130K,PITX1,E130K,0,train,,
PKP2||G328R,PKP2,G328R,0,train,,
PLG||C784G,PLG,C784G,0,train,,
PLOD3||N223S,PLOD3,N223S,0,train,,
PLP1||A247E,PLP1,A247E,1,train,,
PLP1||L86P,PLP1,L86P,1,train,,
PLP1||P15L,PLP1,P15L,1,train,,
PLP1||W163L,PLP1,W163L,1,train,,
PLTP||R235W,PLTP,R235W,0,train,,
PLTP||R476Q,PLTP,R476Q,0,train,,
PMP22||C109R,PMP22,C109R,1,validation,0.7525281310081482,0.8650647401809692
PMP22||L16P,PMP22,L16P,1,validation,0.8178621530532837,0.8856014013290405
PMP22||L80P,PMP22,L80P,1,validation,0.8224097490310669,0.8886705636978149
PMP22||R157G,PMP22,R157G,0,validation,0.21265360713005066,0.1461777538061142
PMS1||M394T,PMS1,M394T,0,test,0.19772621989250183,0.13275174796581268
PNKD||A7V,PNKD,A7V,0,train,,
PNKD||A9V,PNKD,A9V,0,train,,
PNMT||N9S,PNMT,N9S,0,train,,
PNP||E89K,PNP,E89K,0,validation,0.20286373794078827,0.140682190656662
PNP||G156A,PNP,G156A,0,validation,0.19942313432693481,0.12938760221004486
PNP||G51S,PNP,G51S,0,validation,0.2066567838191986,0.12648651003837585
PNP||H257D,PNP,H257D,0,validation,0.2386576235294342,0.15937593579292297
PNPLA3||S453I,PNPLA3,S453I,1,test,0.220404714345932,0.15217910706996918
PNPO||R229W,PNPO,R229W,0,test,0.23337487876415253,0.13498172163963318
PNPO||R95C,PNPO,R95C,0,test,0.28010207414627075,0.1771492063999176
PNPO||R95H,PNPO,R95H,0,test,0.20952649414539337,0.13183505833148956
POLB||R137Q,POLB,R137Q,0,train,,
POLG2||G451E,POLG2,G451E,0,train,,
POU4F3||L223P,POU4F3,L223P,0,train,,
PPARA||R127Q,PPARA,R127Q,0,train,,
PPARA||V227A,PPARA,V227A,0,train,,
PPARG||D424N,PPARG,D424N,0,train,,
PPARG||P113Q,PPARG,P113Q,0,train,,
PPARG||V318M,PPARG,V318M,1,train,,
PPT1||E184K,PPT1,E184K,0,train,,
PPT1||H39Q,PPT1,H39Q,0,train,,
PPT1||R122W,PPT1,R122W,0,train,,
PPT1||Y247H,PPT1,Y247H,0,train,,
PQBP1||Y65C,PQBP1,Y65C,0,test,0.20640599727630615,0.1334591507911682
PRKAG3||R225W,PRKAG3,R225W,0,train,,
PRKAR1A||A213D,PRKAR1A,A213D,0,train,,
PRKAR1A||G289W,PRKAR1A,G289W,0,train,,
PRKAR1A||R74C,PRKAR1A,R74C,0,train,,
PRKAR1A||S147G,PRKAR1A,S147G,0,train,,
PRKRA||P222L,PRKRA,P222L,0,train,,
PROC||G114R,PROC,G114R,0,train,,
PROC||H176N,PROC,H176N,0,train,,
PROC||Q332L,PROC,Q332L,0,train,,
PRODH||A167V,PRODH,A167V,0,train,,
PRODH||D426N,PRODH,D426N,0,train,,
PRODH||L289M,PRODH,L289M,1,train,,
PROK2||C34Y,PROK2,C34Y,0,train,,
PROK2||G32R,PROK2,G32R,0,train,,
PROZ||E70K,PROZ,E70K,0,train,,
PROZ||E70Q,PROZ,E70Q,0,train,,
PROZ||L264P,PROZ,L264P,0,train,,
PRPS1||N114S,PRPS1,N114S,0,train,,
PRSS2||D153H,PRSS2,D153H,0,train,,
PRSS2||G191R,PRSS2,G191R,0,train,,
PSAT1||D100A,PSAT1,D100A,0,train,,
PSEN2||M239V,PSEN2,M239V,0,train,,
PSEN2||N141I,PSEN2,N141I,0,train,,
PSEN2||R71W,PSEN2,R71W,0,train,,
PSEN2||T430M,PSEN2,T430M,0,train,,
PSMB9||V32I,PSMB9,V32I,0,train,,
PSPH||M52T,PSPH,M52T,0,test,0.2788580358028412,0.1389835625886917
PTAFR||A224D,PTAFR,A224D,0,train,,
PTCH1||G110R,PTCH1,G110R,0,train,,
PTCH1||T230P,PTCH1,T230P,0,train,,
PTH||C18R,PTH,C18R,1,train,,
PTH1R||H223R,PTH1R,H223R,1,test,0.5839694738388062,0.7096434831619263
PTH1R||P132L,PTH1R,P132L,1,test,0.43637752532958984,0.5957425832748413
PVRL1||S112T,PVRL1,S112T,0,train,,
PVRL1||T131A,PVRL1,T131A,0,train,,
PVRL1||V360G,PVRL1,V360G,0,train,,
PYCRL||V105M,PYCRL,V105M,0,train,,
RAC2||D57N,RAC2,D57N,0,train,,
RAG2||M285R,RAG2,M285R,0,train,,
RAG2||N474S,RAG2,N474S,0,train,,
RAG2||R229Q,RAG2,R229Q,0,train,,
RAG2||T77N,RAG2,T77N,0,train,,
RAPSN||A189V,RAPSN,A189V,0,train,,
RAPSN||F139S,RAPSN,F139S,0,train,,
RAPSN||L14P,RAPSN,L14P,1,train,,
RBM28||L351P,RBM28,L351P,0,train,,
RBP4||G93D,RBP4,G93D,0,train,,
RDH12||C285Y,RDH12,C285Y,0,train,,
RDH12||L99I,RDH12,L99I,0,train,,
RDH12||P230A,RDH12,P230A,0,train,,
REEP1||A20E,REEP1,A20E,0,train,,
REEP1||L107P,REEP1,L107P,0,train,,
REEP1||P19R,REEP1,P19R,1,train,,
REN||D104N,REN,D104N,0,validation,0.22633489966392517,0.13233767449855804
REN||R230K,REN,R230K,0,validation,0.37526363134384155,0.26549774408340454
REN||S135Y,REN,S135Y,0,validation,0.35901811718940735,0.5653709769248962
REN||V351I,REN,V351I,0,validation,0.18693716824054718,0.12925824522972107
RFX5||R149Q,RFX5,R149Q,0,validation,0.22510036826133728,0.16891014575958252
RFXANK||D121V,RFXANK,D121V,1,train,,
RFXANK||L195P,RFXANK,L195P,1,train,,
RGR||A234T,RGR,A234T,0,validation,0.2986588478088379,0.5782439708709717
RGR||H152N,RGR,H152N,0,validation,0.20843243598937988,0.13758517801761627
RGR||V132L,RGR,V132L,0,validation,0.3397759795188904,0.29195183515548706
RGS2||Q2L,RGS2,Q2L,0,train,,
RGS2||Q2R,RGS2,Q2R,0,train,,
RGS2||R44H,RGS2,R44H,1,train,,
RGS9||W299R,RGS9,W299R,0,train,,
RLBP1||G146D,RLBP1,G146D,0,train,,
RLBP1||I200T,RLBP1,I200T,0,train,,
RLBP1||M226K,RLBP1,M226K,1,train,,
RLBP1||R151Q,RLBP1,R151Q,0,train,,
RNASEH2C||P76L,RNASEH2C,P76L,0,validation,0.2530776262283325,0.1352352797985077
RNASEH2C||R69W,RNASEH2C,R69W,0,validation,0.28242045640945435,0.2056460678577423
RP2||C86Y,RP2,C86Y,1,train,,
RP2||L253R,RP2,L253R,0,train,,
RP2||R118H,RP2,R118H,0,train,,
RP2||R282W,RP2,R282W,0,train,,
RPA4||A33T,RPA4,A33T,0,train,,
RPE65||E148D,RPE65,E148D,0,train,,
RPE65||G104D,RPE65,G104D,0,train,,
RPE65||P363T,RPE65,P363T,1,train,,
RPE65||T457N,RPE65,T457N,0,train,,
RPIA||A135V,RPIA,A135V,0,test,0.21616554260253906,0.13395099341869354
RPL11||L20H,RPL11,L20H,1,validation,0.6082707643508911,0.6733980774879456
RPS19||G127E,RPS19,G127E,1,train,,
RPS19||R101H,RPS19,R101H,1,train,,
RPS19||R62W,RPS19,R62W,1,train,,
RPS19||V15F,RPS19,V15F,1,train,,
RPS6KA3||D193N,RPS6KA3,D193N,0,train,,
RPS6KA3||E260D,RPS6KA3,E260D,0,train,,
RPS6KA3||F68C,RPS6KA3,F68C,0,train,,
RPS6KA3||G431D,RPS6KA3,G431D,0,train,,
RPS6KA3||G75V,RPS6KA3,G75V,0,train,,
RPS6KA3||I189K,RPS6KA3,I189K,0,train,,
RPS6KA3||L467R,RPS6KA3,L467R,0,train,,
RPS6KA3||N544K,RPS6KA3,N544K,0,train,,
RPS6KA3||N620D,RPS6KA3,N620D,0,train,,
RPS6KA3||R667S,RPS6KA3,R667S,0,train,,
RRM2B||L317V,RRM2B,L317V,0,train,,
RRM2B||W64R,RRM2B,W64R,0,train,,
RTN4R||L347R,RTN4R,L347R,0,train,,
RTN4R||R196H,RTN4R,R196H,0,train,,
RTN4R||R227C,RTN4R,R227C,0,train,,
RTN4R||R377W,RTN4R,R377W,0,train,,
RTN4R||R399W,RTN4R,R399W,0,train,,
RXRG||G14S,RXRG,G14S,0,train,,
SALL4||H888R,SALL4,H888R,0,train,,
SALL4||V754M,SALL4,V754M,0,train,,
SART3||V591M,SART3,V591M,0,train,,
SBDS||N8K,SBDS,N8K,0,train,,
SBDS||R126T,SBDS,R126T,0,train,,
SCARB1||A350A,SCARB1,A350A,0,train,,
SCARB2||H363N,SCARB2,H363N,1,train,,
SCN1B||C121W,SCN1B,C121W,0,validation,0.25215306878089905,0.3863569498062134
SCN1B||E87Q,SCN1B,E87Q,0,validation,0.25265803933143616,0.13200679421424866
SCN1B||R85C,SCN1B,R85C,0,validation,0.20279598236083984,0.3112041652202606
SCN1B||R85H,SCN1B,R85H,0,validation,0.19025051593780518,0.12658163905143738
SCNN1B||P616L,SCNN1B,P616L,0,train,,
SCNN1G||E197K,SCNN1G,E197K,0,train,,
SCNN1G||G183S,SCNN1G,G183S,0,train,,
SCNN1G||L609F,SCNN1G,L609F,0,train,,
SCNN1G||N530S,SCNN1G,N530S,0,train,,
SCO1||P174L,SCO1,P174L,0,train,,
SCO2||C133Y,SCO2,C133Y,0,validation,0.21076874434947968,0.136076420545578
SCO2||E140K,SCO2,E140K,0,validation,0.2689130902290344,0.18868272006511688
SCO2||L151P,SCO2,L151P,0,validation,0.520363450050354,0.6304923892021179
SCO2||S225F,SCO2,S225F,0,validation,0.5967998504638672,0.5347743034362793
SDHA||A524V,SDHA,A524V,0,train,,
SDHA||A83V,SDHA,A83V,0,train,,
SDHA||R451C,SDHA,R451C,0,train,,
SDHB||C186Y,SDHB,C186Y,0,train,,
SDHB||G53R,SDHB,G53R,0,train,,
SDHB||L87S,SDHB,L87S,0,train,,
SDHB||R230L,SDHB,R230L,0,train,,
SDHD||G12S,SDHD,G12S,0,train,,
SDHD||G148D,SDHD,G148D,0,train,,
SDHD||L101P,SDHD,L101P,1,train,,
SEMA3E||S703L,SEMA3E,S703L,0,train,,
SEMA4A||D345H,SEMA4A,D345H,0,train,,
SEMA4A||F350C,SEMA4A,F350C,1,train,,
SEMA4A||R713Q,SEMA4A,R713Q,0,train,,
SERPINA10||F145L,SERPINA10,F145L,0,train,,
SERPINA10||Q384R,SERPINA10,Q384R,0,train,,
SERPINA10||S143Y,SERPINA10,S143Y,0,train,,
SERPINA3||L266L,SERPINA3,L266L,0,train,,
SERPINA3||L78P,SERPINA3,L78P,0,train,,
SERPINA3||M414V,SERPINA3,M414V,0,train,,
SERPINA3||P252A,SERPINA3,P252A,0,train,,
SERPINA7||A133P,SERPINA7,A133P,0,train,,
SERPINC1||L158P,SERPINC1,L158P,0,train,,
SERPINC1||N437K,SERPINC1,N437K,0,train,,
SERPINC1||P48H,SERPINC1,P48H,0,train,,
SERPINC1||R79C,SERPINC1,R79C,0,train,,
SERPIND1||E447K,SERPIND1,E447K,0,train,,
SERPIND1||P462L,SERPIND1,P462L,0,train,,
SERPIND1||R208H,SERPIND1,R208H,0,train,,
SETX||L1976R,SETX,L1976R,0,train,,
SFTPA2||A91P,SFTPA2,A91P,0,train,,
SFTPA2||F198S,SFTPA2,F198S,0,train,,
SFTPA2||G231V,SFTPA2,G231V,0,train,,
SFTPA2||Q223K,SFTPA2,Q223K,0,train,,
SFTPC||C189G,SFTPC,C189G,0,train,,
SFTPC||H64P,SFTPC,H64P,0,train,,
SFTPC||P30L,SFTPC,P30L,0,train,,
SFTPC||Y104H,SFTPC,Y104H,0,train,,
SFTPD||T180A,SFTPD,T180A,0,train,,
SGSH||D273N,SGSH,D273N,0,train,,
SGSH||D444G,SGSH,D444G,0,train,,
SGSH||F193L,SGSH,F193L,0,train,,
SH2D1A||G93D,SH2D1A,G93D,0,validation,0.207401841878891,0.1483062356710434
SH2D1A||P101L,SH2D1A,P101L,0,validation,0.2739730477333069,0.13115666806697845
SH2D1A||R32T,SH2D1A,R32T,0,validation,0.48252472281455994,0.4964416027069092
SHBG||D356N,SHBG,D356N,0,train,,
SHBG||P185L,SHBG,P185L,0,train,,
SHMT1||S394N,SHMT1,S394N,0,train,,
SIX2||L43F,SIX2,L43F,0,train,,
SIX2||P241L,SIX2,P241L,0,train,,
SLC10A2||L243P,SLC10A2,L243P,0,train,,
SLC10A2||P290S,SLC10A2,P290S,0,train,,
SLC10A2||T262M,SLC10A2,T262M,0,train,,
SLC14A1||N74K,SLC14A1,N74K,1,train,,
SLC14A1||S291P,SLC14A1,S291P,1,train,,
SLC15A1||P586L,SLC15A1,P586L,0,validation,0.29947200417518616,0.43268483877182007
SLC17A8||A211V,SLC17A8,A211V,0,train,,
SLC19A3||E320Q,SLC19A3,E320Q,0,test,0.21897061169147491,0.12976472079753876
SLC19A3||G23V,SLC19A3,G23V,0,test,0.4417226314544678,0.3593340218067169
SLC19A3||K44E,SLC19A3,K44E,0,test,0.2853948175907135,0.14210930466651917
SLC19A3||T422A,SLC19A3,T422A,0,test,0.4348467290401459,0.6788473129272461
SLC22A11||E278K,SLC22A11,E278K,0,train,,
SLC22A12||H86H,SLC22A12,H86H,0,train,,
SLC22A12||M430T,SLC22A12,M430T,1,train,,
SLC22A12||Q297E,SLC22A12,Q297E,0,train,,
SLC22A12||T217M,SLC22A12,T217M,1,train,,
SLC22A2||M165I,SLC22A2,M165I,0,train,,
SLC22A2||T199I,SLC22A2,T199I,0,train,,
SLC22A2||T201M,SLC22A2,T201M,0,train,,
SLC22A6||R454Q,SLC22A6,R454Q,0,validation,0.27857568860054016,0.17954590916633606
SLC25A15||E180K,SLC25A15,E180K,0,train,,
SLC25A15||T32R,SLC25A15,T32R,0,train,,
SLC26A2||N425D,SLC26A2,N425D,0,test,0.5137038230895996,0.6433435082435608
SLC28A1||V189I,SLC28A1,V189I,0,train,,
SLC28A2||E385K,SLC28A2,E385K,0,train,,
SLC28A2||F355S,SLC28A2,F355S,0,train,,
SLC29A3||G427S,SLC29A3,G427S,0,train,,
SLC29A3||G437R,SLC29A3,G437R,0,train,,
SLC29A3||M116R,SLC29A3,M116R,0,train,,
SLC29A3||T449R,SLC29A3,T449R,0,train,,
SLC2A1||P485L,SLC2A1,P485L,1,train,,
SLC2A1||R212H,SLC2A1,R212H,0,train,,
SLC2A1||S66F,SLC2A1,S66F,1,train,,
SLC2A2||G318R,SLC2A2,G318R,0,train,,
SLC2A2||V197I,SLC2A2,V197I,0,train,,
SLC2A2||W444R,SLC2A2,W444R,0,train,,
SLC30A2||H54R,SLC30A2,H54R,0,train,,
SLC30A8||R325W,SLC30A8,R325W,0,validation,0.191984623670578,0.130118265748024
SLC35C1||R147C,SLC35C1,R147C,0,train,,
SLC35C1||T308R,SLC35C1,T308R,0,train,,
SLC36A2||G87V,SLC36A2,G87V,0,train,,
SLC39A4||P200L,SLC39A4,P200L,1,train,,
SLC45A2||G198D,SLC45A2,G198D,0,train,,
SLC45A2||L361P,SLC45A2,L361P,0,train,,
SLC45A2||P58A,SLC45A2,P58A,0,train,,
SLC45A2||T302S,SLC45A2,T302S,0,train,,
SLC47A1||A310V,SLC47A1,A310V,0,train,,
SLC47A1||D328A,SLC47A1,D328A,0,train,,
SLC47A1||G64D,SLC47A1,G64D,0,train,,
SLC47A1||N474S,SLC47A1,N474S,0,train,,
SLC4A1||G455E,SLC4A1,G455E,0,train,,
SLC4A1||R646W,SLC4A1,R646W,0,train,,
SLC5A2||K311R,SLC5A2,K311R,0,train,,
SLC5A2||R368W,SLC5A2,R368W,0,train,,
SLC5A2||T51P,SLC5A2,T51P,0,train,,
SLC5A2||V116M,SLC5A2,V116M,0,train,,
SLC5A5||G543E,SLC5A5,G543E,1,train,,
SLC5A5||G93R,SLC5A5,G93R,1,train,,
SLC5A5||Q267E,SLC5A5,Q267E,1,train,,
SLC5A5||T354P,SLC5A5,T354P,1,train,,
SLC5A7||I89V,SLC5A7,I89V,0,train,,
SLC6A20||T199M,SLC6A20,T199M,0,validation,0.2875514328479767,0.2230515480041504
SLC7A10||E112D,SLC7A10,E112D,0,train,,
SLC7A9||G105R,SLC7A9,G105R,1,train,,
SLC7A9||N227D,SLC7A9,N227D,0,train,,
SLC7A9||V330M,SLC7A9,V330M,0,train,,
SLC9A3R1||L110V,SLC9A3R1,L110V,0,train,,
SLC9A3R1||R153Q,SLC9A3R1,R153Q,0,train,,
SLCO2B1||S486F,SLCO2B1,S486F,0,train,,
SLURP1||C77R,SLURP1,C77R,0,test,0.5483340620994568,0.7535155415534973
SLURP1||L98P,SLURP1,L98P,0,test,0.2924256920814514,0.32957684993743896
SLURP1||R71H,SLURP1,R71H,0,test,0.19249853491783142,0.1259198933839798
SLURP1||W15R,SLURP1,W15R,1,test,0.21798667311668396,0.13394443690776825
SMARCA2||D1546E,SMARCA2,D1546E,1,train,,
SMPD1||D51V,SMPD1,D51V,0,train,,
SMPD1||G244R,SMPD1,G244R,0,train,,
SMPD1||P332R,SMPD1,P332R,0,train,,
SNCA||A30P,SNCA,A30P,0,train,,
SNCA||A53T,SNCA,A53T,0,train,,
SOD1||G38R,SOD1,G38R,0,validation,0.2720358073711395,0.15343865752220154
SOD1||G42S,SOD1,G42S,0,validation,0.22914564609527588,0.12859125435352325
SOD1||L127S,SOD1,L127S,0,validation,0.2638307809829712,0.23846435546875
SPINK1||N34S,SPINK1,N34S,0,validation,0.19957637786865234,0.1263340711593628
SPINK1||P55S,SPINK1,P55S,0,validation,0.19281303882598877,0.1267651617527008
SPINK1||R65Q,SPINK1,R65Q,0,validation,0.18582603335380554,0.13283760845661163
SPP1||D94D,SPP1,D94D,0,train,,
SPRY2||D20A,SPRY2,D20A,0,train,,
SPRY2||K68N,SPRY2,K68N,0,train,,
SQSTM1||A381V,SQSTM1,A381V,0,train,,
SQSTM1||P387L,SQSTM1,P387L,0,train,,
SQSTM1||P392L,SQSTM1,P392L,0,train,,
SQSTM1||S399P,SQSTM1,S399P,0,train,,
SRPX2||N327S,SRPX2,N327S,0,train,,
SSH1||S63N,SSH1,S63N,0,test,0.1945984661579132,0.12842300534248352
STAR||A218V,STAR,A218V,0,train,,
STAR||M144R,STAR,M144R,0,train,,
STAT1||E320Q,STAT1,E320Q,0,train,,
STAT1||L600P,STAT1,L600P,0,train,,
STAT1||L706S,STAT1,L706S,0,train,,
STAT1||Q463H,STAT1,Q463H,0,train,,
STAT3||N472D,STAT3,N472D,0,train,,
STAT3||R382L,STAT3,R382L,0,train,,
STAT3||R382W,STAT3,R382W,0,train,,
STK11||F354L,STK11,F354L,0,train,,
STK11||K108R,STK11,K108R,0,train,,
STK11||L183L,STK11,L183L,0,train,,
STK11||L67P,STK11,L67P,1,train,,
STK11||L67R,STK11,L67R,0,train,,
STK11||M136R,STK11,M136R,0,train,,
STK11||N181Y,STK11,N181Y,0,train,,
STK11||S232P,STK11,S232P,0,train,,
STK11||W239C,STK11,W239C,0,train,,
STK11||W308C,STK11,W308C,0,train,,
STOX1||E608D,STOX1,E608D,0,train,,
STOX1||N825I,STOX1,N825I,0,train,,
STRA6||Q438R,STRA6,Q438R,0,train,,
STS||R454C,STS,R454C,0,train,,
STS||S341L,STS,S341L,0,train,,
STS||W372R,STS,W372R,0,train,,
STXBP1||C180Y,STXBP1,C180Y,0,train,,
STXBP1||M443R,STXBP1,M443R,1,train,,
STXBP1||V84D,STXBP1,V84D,1,train,,
SULT1A1||H149Y,SULT1A1,H149Y,0,train,,
SULT1C2||R73Q,SULT1C2,R73Q,0,train,,
SULT1C2||S111F,SULT1C2,S111F,0,train,,
SULT2B1||D191N,SULT2B1,D191N,0,train,,
SULT2B1||R230H,SULT2B1,R230H,0,train,,
SUN2||G671S,SUN2,G671S,0,train,,
SUOX||Q396R,SUOX,Q396R,0,train,,
SUOX||R268Q,SUOX,R268Q,0,train,,
SUOX||W450R,SUOX,W450R,0,train,,
SURF1||G124R,SURF1,G124R,0,train,,
SURF1||L203P,SURF1,L203P,0,train,,
SURF1||Y274D,SURF1,Y274D,0,train,,
SYNGR1||K99E,SYNGR1,K99E,0,validation,0.20105214416980743,0.2044108808040619
TAC3||M90T,TAC3,M90T,0,train,,
TACR3||G93D,TACR3,G93D,1,train,,
TALDO1||R192C,TALDO1,R192C,0,train,,
TALDO1||R192H,TALDO1,R192H,0,train,,
TAP2||M577V,TAP2,M577V,0,train,,
TAS2R38||A49P,TAS2R38,A49P,0,validation,0.20992617309093475,0.12824437022209167
TAS2R38||I296V,TAS2R38,I296V,0,validation,0.18678534030914307,0.1323382556438446
TAT||L273P,TAT,L273P,0,validation,0.31192341446876526,0.2614060640335083
TAT||P220S,TAT,P220S,0,validation,0.2865218222141266,0.14234621822834015
TAT||R119W,TAT,R119W,0,validation,0.2948099970817566,0.20247407257556915
TAT||R433W,TAT,R433W,0,validation,0.35361313819885254,0.24976614117622375
TBX20||A63T,TBX20,A63T,0,train,,
TBX20||I121F,TBX20,I121F,0,train,,
TBX20||I152M,TBX20,I152M,0,train,,
TBX20||T262M,TBX20,T262M,0,train,,
TBX22||G118C,TBX22,G118C,0,train,,
TBX22||R120W,TBX22,R120W,0,train,,
TBX22||R151L,TBX22,R151L,0,train,,
TCAP||E132Q,TCAP,E132Q,0,train,,
TCAP||R18Q,TCAP,R18Q,0,train,,
TCAP||R70W,TCAP,R70W,0,train,,
TCAP||R87Q,TCAP,R87Q,0,train,,
TCF4||G358V,TCF4,G358V,0,train,,
TCF4||R578H,TCF4,R578H,0,train,,
TCF4||R578P,TCF4,R578P,0,train,,
TDGF1||P125L,TDGF1,P125L,0,test,0.18240976333618164,0.12995079159736633
TDGF1||V110L,TDGF1,V110L,0,test,0.2007119357585907,0.13302086293697357
TEK||R849W,TEK,R849W,0,train,,
TEKT2||A229V,TEKT2,A229V,0,train,,
TFAP2A||G262E,TFAP2A,G262E,1,validation,0.21624422073364258,0.14385519921779633
TFAP2A||R254W,TFAP2A,R254W,1,validation,0.22243770956993103,0.22445499897003174
TFPI||P179L,TFPI,P179L,0,train,,
TGFBI||L509R,TGFBI,L509R,0,train,,
TGFBR2||A329T,TGFBR2,A329T,0,train,,
TGFBR2||L308P,TGFBR2,L308P,0,train,,
TGFBR2||R254H,TGFBR2,R254H,0,train,,
THAP1||F81L,THAP1,F81L,0,train,,
THRB||A268G,THRB,A268G,0,train,,
THRB||C446R,THRB,C446R,0,train,,
THRB||L330S,THRB,L330S,0,train,,
THRB||M442V,THRB,M442V,0,train,,
THRB||N343K,THRB,N343K,0,train,,
THRB||P453L,THRB,P453L,0,train,,
THRB||Q374K,THRB,Q374K,0,train,,
THRB||S314C,THRB,S314C,0,train,,
TIMM44||A424A,TIMM44,A424A,0,train,,
TIMM44||P308Q,TIMM44,P308Q,0,train,,
TIMM8A||C66W,TIMM8A,C66W,1,train,,
TIMP3||G190C,TIMP3,G190C,0,validation,0.3477540612220764,0.5676965713500977
TIMP3||S170C,TIMP3,S170C,0,validation,0.21258394420146942,0.23699629306793213
TIMP3||S204C,TIMP3,S204C,0,validation,0.20790652930736542,0.14631661772727966
TIMP3||Y191C,TIMP3,Y191C,0,validation,0.6011894941329956,0.8502413630485535
TINF2||E281K,TINF2,E281K,0,train,,
TINF2||L287P,TINF2,L287P,0,train,,
TINF2||P236S,TINF2,P236S,0,train,,
TINF2||S245Y,TINF2,S245Y,0,train,,
TIRAP||S180L,TIRAP,S180L,0,train,,
TLR2||R753Q,TLR2,R753Q,0,train,,
TLR2||T411I,TLR2,T411I,0,train,,
TLR3||L412F,TLR3,L412F,0,train,,
TLR6||T255I,TLR6,T255I,0,train,,
TMEM43||S358L,TMEM43,S358L,0,test,0.7673190236091614,0.8838143348693848
TMPRSS3||A306T,TMPRSS3,A306T,0,train,,
TMPRSS3||C407R,TMPRSS3,C407R,0,train,,
TMPRSS3||R109W,TMPRSS3,R109W,0,train,,
TMPRSS3||R216L,TMPRSS3,R216L,0,train,,
TMPRSS5||A317S,TMPRSS5,A317S,0,train,,
TNFAIP3||F127C,TNFAIP3,F127C,0,validation,0.566378116607666,0.3768923878669739
TNFRSF11B||C87Y,TNFRSF11B,C87Y,0,train,,
TNFRSF13B||A149T,TNFRSF13B,A149T,0,train,,
TNFRSF13B||C104R,TNFRSF13B,C104R,0,train,,
TNFRSF13B||L171R,TNFRSF13B,L171R,0,train,,
TNFRSF13B||V246F,TNFRSF13B,V246F,0,train,,
TNFRSF1B||M196R,TNFRSF1B,M196R,0,train,,
TNNC1||C84Y,TNNC1,C84Y,0,train,,
TNNC1||D75Y,TNNC1,D75Y,0,train,,
TNNC1||E134D,TNNC1,E134D,0,train,,
TNNC1||L29Q,TNNC1,L29Q,0,train,,
TNNI2||R174Q,TNNI2,R174Q,0,train,,
TOR1A||D216H,TOR1A,D216H,0,validation,0.20782716572284698,0.12765710055828094
TOR1A||R288Q,TOR1A,R288Q,0,validation,0.26648297905921936,0.13722386956214905
TP53||G245C,TP53,G245C,0,train,,
TP53||P152L,TP53,P152L,0,train,,
TP53||V31I,TP53,V31I,0,train,,
TP63||D351N,TP63,D351N,0,train,,
TP63||I549T,TP63,I549T,0,train,,
TPH2||P206S,TPH2,P206S,0,train,,
TPH2||P312P,TPH2,P312P,0,train,,
TPH2||R303W,TPH2,R303W,0,train,,
TPH2||R441H,TPH2,R441H,0,train,,
TPM1||D175N,TPM1,D175N,0,train,,
TPM1||E40K,TPM1,E40K,0,train,,
TPM1||M281T,TPM1,M281T,0,train,,
TPM1||V95A,TPM1,V95A,0,train,,
TPM2||E117K,TPM2,E117K,0,train,,
TPM2||Q147P,TPM2,Q147P,0,train,,
TPM2||R91G,TPM2,R91G,0,train,,
TPM3||L100M,TPM3,L100M,0,train,,
TPM3||M9R,TPM3,M9R,0,train,,
TPM3||R168G,TPM3,R168G,0,train,,
TPM3||R245G,TPM3,R245G,0,train,,
TPMT||A80P,TPMT,A80P,0,train,,
TPMT||G144R,TPMT,G144R,0,train,,
TPMT||L49S,TPMT,L49S,0,train,,
TPMT||R215H,TPMT,R215H,0,train,,
TPO||A53P,TPO,A53P,0,train,,
TPO||S131P,TPO,S131P,0,train,,
TPP1||G77R,TPP1,G77R,0,train,,
TPP1||P544S,TPP1,P544S,0,train,,
TPP1||R206H,TPP1,R206H,0,train,,
TRIB3||Q84R,TRIB3,Q84R,0,train,,
TRIM37||C109S,TRIM37,C109S,0,train,,
TRIM5||H43Y,TRIM5,H43Y,0,test,0.20984844863414764,0.14348307251930237
TRIM5||R136Q,TRIM5,R136Q,0,test,0.18531134724617004,0.1279332935810089
TSFM||R312W,TSFM,R312W,1,train,,
TSHR||A204V,TSHR,A204V,0,train,,
TSHR||G132R,TSHR,G132R,0,train,,
TSHR||K183R,TSHR,K183R,0,train,,
TSHR||P27T,TSHR,P27T,0,train,,
TSHR||R109Q,TSHR,R109Q,0,train,,
TSSK4||V227I,TSSK4,V227I,0,train,,
TSSK4||V255V,TSSK4,V255V,0,train,,
TTR||C10R,TTR,C10R,0,train,,
TTR||I93V,TTR,I93V,0,train,,
TTR||R123S,TTR,R123S,0,train,,
TTR||V50M,TTR,V50M,0,train,,
TUBA1A||E55K,TUBA1A,E55K,0,train,,
TUBA1A||I188L,TUBA1A,I188L,0,train,,
TUBA1A||L286F,TUBA1A,L286F,0,train,,
TUBA1A||R402L,TUBA1A,R402L,1,train,,
TUBB1||R318W,TUBB1,R318W,0,train,,
TUBB2B||F265L,TUBB2B,F265L,0,test,0.2206302136182785,0.13068048655986786
TUBB2B||I210T,TUBB2B,I210T,0,test,0.22122931480407715,0.16069254279136658
TUBB2B||L228P,TUBB2B,L228P,0,test,0.205781489610672,0.13927346467971802
TUFM||R339Q,TUFM,R339Q,0,train,,
TULP1||F382S,TULP1,F382S,0,test,0.2776854932308197,0.15250304341316223
TULP1||R420P,TULP1,R420P,0,test,0.24305477738380432,0.4464341700077057
TULP1||R482W,TULP1,R482W,0,test,0.588477611541748,0.8149218559265137
UBE3A||R506C,UBE3A,R506C,0,test,0.3551073670387268,0.7591099739074707
UCHL1||I93M,UCHL1,I93M,0,test,0.340283066034317,0.2424549162387848
UCHL1||S18Y,UCHL1,S18Y,0,test,0.41133037209510803,0.19317404925823212
UCP1||A64T,UCP1,A64T,0,train,,
UCP1||K257N,UCP1,K257N,0,train,,
UCP1||M229L,UCP1,M229L,0,train,,
UCP2||A268G,UCP2,A268G,0,train,,
UCP2||A55V,UCP2,A55V,0,train,,
UCP2||L175V,UCP2,L175V,0,train,,
UGT1A10||I211T,UGT1A10,I211T,0,test,0.2167692631483078,0.13633683323860168
UGT1A10||Q328R,UGT1A10,Q328R,0,test,0.5420551896095276,0.6359538435935974
UGT1A10||R400C,UGT1A10,R400C,0,test,0.5807764530181885,0.8630270957946777
UMPS||G429R,UMPS,G429R,0,train,,
UQCRQ||S45F,UQCRQ,S45F,0,validation,0.5371973514556885,0.29723742604255676
UROD||P62L,UROD,P62L,0,train,,
UROD||S219F,UROD,S219F,0,train,,
UROD||Y182C,UROD,Y182C,1,train,,
UROS||A69T,UROS,A69T,0,train,,
UROS||G188R,UROS,G188R,0,train,,
UROS||L237P,UROS,L237P,0,train,,
UROS||P53L,UROS,P53L,0,train,,
USH1G||L48P,USH1G,L48P,1,train,,
VANGL1||M328T,VANGL1,M328T,0,train,,
VANGL1||R274Q,VANGL1,R274Q,0,train,,
VAPB||P56S,VAPB,P56S,1,train,,
VCAM1||G413A,VCAM1,G413A,0,train,,
VCP||A439S,VCP,A439S,0,train,,
VCP||T262A,VCP,T262A,0,train,,
VHL||L198R,VHL,L198R,0,train,,
VHL||S65W,VHL,S65W,0,train,,
VKORC1||L128R,VKORC1,L128R,1,train,,
VKORC1||R98W,VKORC1,R98W,1,train,,
VKORC1||V45A,VKORC1,V45A,1,train,,
WISP3||C114Y,WISP3,C114Y,0,train,,
WISP3||C145Y,WISP3,C145Y,0,train,,
WISP3||C78R,WISP3,C78R,0,train,,
WISP3||S334P,WISP3,S334P,0,train,,
WNT4||A114V,WNT4,A114V,0,train,,
WNT4||E216G,WNT4,E216G,0,train,,
WNT7A||A109T,WNT7A,A109T,0,train,,
WNT7A||G204S,WNT7A,G204S,0,train,,
WNT7A||R292C,WNT7A,R292C,0,train,,
WRAP53||R68G,WRAP53,R68G,0,test,0.1904132068157196,0.13406291604042053
XRCC4||I134T,XRCC4,I134T,0,test,0.2808530926704407,0.13307662308216095
YARS||E196K,YARS,E196K,0,validation,0.5396221876144409,0.6219049692153931
YARS||G41R,YARS,G41R,0,validation,0.21947112679481506,0.13294817507266998
ZCCHC12||R7C,ZCCHC12,R7C,0,validation,0.44367799162864685,0.5207744836807251
ZCCHC12||T344I,ZCCHC12,T344I,0,validation,0.2052474468946457,0.12669190764427185
ZDHHC9||P150S,ZDHHC9,P150S,0,train,,
ZDHHC9||R148W,ZDHHC9,R148W,0,train,,
ZFYVE27||G191V,ZFYVE27,G191V,0,train,,
ZNF624||K135N,ZNF624,K135N,0,validation,0.21057219803333282,0.12956060469150543
CD207||A55V,CD207,A55V,0,test,0.19960102438926697,0.15943430364131927
CD207||E114V,CD207,E114V,0,test,0.20577609539031982,0.13014493882656097
CD207||R66Q,CD207,R66Q,0,test,0.19706150889396667,0.13222959637641907
CRYBA4||V36M,CRYBA4,V36M,0,test,0.21807464957237244,0.15834560990333557
EFHC1||M448T,EFHC1,M448T,0,train,,
EFHC1||R159W,EFHC1,R159W,0,train,,
EIF2B4||R306G,EIF2B4,R306G,0,train,,
FKBP6||R202H,FKBP6,R202H,0,train,,
FMO1||K373R,FMO1,K373R,0,train,,
FMO3||G180V,FMO3,G180V,0,train,,
FMO3||V277A,FMO3,V277A,0,train,,
FOXP3||G52V,FOXP3,G52V,0,train,,
GFAP||D295N,GFAP,D295N,0,train,,
KRT2||G219D,KRT2,G219D,0,train,,
KRT6A||F249L,KRT6A,F249L,0,test,0.31822770833969116,0.364136278629303
KRT6A||N21S,KRT6A,N21S,0,test,0.20450381934642792,0.12874659895896912
KRT6A||V523F,KRT6A,V523F,0,test,0.24278131127357483,0.13233274221420288
LTA||H51P,LTA,H51P,0,validation,0.202723890542984,0.15094922482967377
MCEE||A76V,MCEE,A76V,0,train,,
MCEE||R143H,MCEE,R143H,0,train,,
OAS1||R242Q,OAS1,R242Q,0,train,,
PGBD1||H806D,PGBD1,H806D,0,validation,0.19998744130134583,0.14288416504859924
PGBD1||I678V,PGBD1,I678V,0,validation,0.18469803035259247,0.1285114288330078
PGBD1||P256L,PGBD1,P256L,0,validation,0.21135950088500977,0.1288222223520279
PGBD1||Q248E,PGBD1,Q248E,0,validation,0.22617144882678986,0.14796270430088043
PITX1||G299A,PITX1,G299A,0,train,,
PNPO||R116Q,PNPO,R116Q,0,test,0.19040794670581818,0.1287349909543991
RPGR||Q184H,RPGR,Q184H,0,train,,
RPGR||R425K,RPGR,R425K,0,train,,
SERPING1||V56A,SERPING1,V56A,0,train,,
SMAD3||I170V,SMAD3,I170V,0,train,,
TINF2||G237D,TINF2,G237D,0,train,,
TNFRSF13B||K188M,TNFRSF13B,K188M,0,train,,
TNFRSF13B||P205L,TNFRSF13B,P205L,0,train,,
TNFRSF13B||V174A,TNFRSF13B,V174A,0,train,,
TUFM||G149S,TUFM,G149S,0,train,,
VANGL1||E347A,VANGL1,E347A,0,train,,
ALK||F1174L,ALK,F1174L,1,train,,
ALK||G1202R,ALK,G1202R,0,train,,
ALK||R1275Q,ALK,R1275Q,1,train,,
ALK||S1206Y,ALK,S1206Y,0,train,,
ALK||T1151M,ALK,T1151M,0,train,,
BRAF||A749V,BRAF,A749V,0,train,,
BRAF||D594V,BRAF,D594V,0,train,,
BRAF||E586K,BRAF,E586K,0,train,,
BRAF||G464V,BRAF,G464V,0,train,,
BRAF||G466A,BRAF,G466A,0,train,,
BRAF||G466E,BRAF,G466E,0,train,,
BRAF||G466V,BRAF,G466V,0,train,,
BRAF||G469A,BRAF,G469A,0,train,,
BRAF||G469E,BRAF,G469E,0,train,,
BRAF||G596R,BRAF,G596R,0,train,,
BRAF||V600E,BRAF,V600E,0,train,,
EGFR||G719S,EGFR,G719S,0,train,,
EGFR||L858R,EGFR,L858R,0,train,,
EGFR||T790M,EGFR,T790M,0,train,,
ERBB2||V842I,ERBB2,V842I,0,train,,
ERBB4||E872K,ERBB4,E872K,0,train,,
FLT3||D835Y,FLT3,D835Y,0,train,,
PDGFRA||D842V,PDGFRA,D842V,0,train,,
PDGFRA||T674M,PDGFRA,T674M,0,train,,
A4GALT||A272V,A4GALT,A272V,0,train,,
ACVR1B||D335N,ACVR1B,D335N,0,train,,
ACVR1B||E412D,ACVR1B,E412D,0,train,,
AKT1||D44N,AKT1,D44N,1,test,0.2077774703502655,0.1302216649055481
AKT1||E17K,AKT1,E17K,0,test,0.22782902419567108,0.16253575682640076
AKT1||E267G,AKT1,E267G,1,test,0.2755230963230133,0.1422712653875351
AKT1||L52R,AKT1,L52R,0,test,0.3374071717262268,0.20807433128356934
AKT1||Q79K,AKT1,Q79K,0,test,0.3647463917732239,0.412156879901886
AKT1||R370C,AKT1,R370C,1,test,0.21577027440071106,0.26388218998908997
AKT1||V201I,AKT1,V201I,0,test,0.209578275680542,0.12920573353767395
ARSI||P228L,ARSI,P228L,0,train,,
ARSI||V373M,ARSI,V373M,0,train,,
B2M||A6V,B2M,A6V,1,test,0.196071058511734,0.13256166875362396
B2M||D54N,B2M,D54N,0,test,0.20030295848846436,0.12730547785758972
BTC||P70S,BTC,P70S,0,test,0.26378822326660156,0.14051774144172668
C15orf23||P26L,C15orf23,P26L,0,train,,
C15orf23||P26S,C15orf23,P26S,1,train,,
C20orf72||P102S,C20orf72,P102S,0,test,0.19132813811302185,0.12777739763259888
CBFB||R151H,CBFB,R151H,0,test,0.20088672637939453,0.13204990327358246
CCNG1||E167K,CCNG1,E167K,0,validation,0.42036399245262146,0.30908530950546265
CD3E||E189Q,CD3E,E189Q,1,train,,
CD70||D165Y,CD70,D165Y,1,train,,
CDK4||A23S,CDK4,A23S,0,train,,
CDKN1B||C29F,CDKN1B,C29F,0,validation,0.29769545793533325,0.29971569776535034
CHD2||E287Q,CHD2,E287Q,0,train,,
CHD2||E412K,CHD2,E412K,0,train,,
CHD2||P195L,CHD2,P195L,0,train,,
COPS2||G68R,COPS2,G68R,0,train,,
CPXCR1||A56S,CPXCR1,A56S,0,train,,
CPXCR1||E73K,CPXCR1,E73K,0,train,,
CPXCR1||S102P,CPXCR1,S102P,0,train,,
CTNNB1||G34R,CTNNB1,G34R,0,train,,
CTNNB1||H36Y,CTNNB1,H36Y,0,train,,
CTNNB1||I35S,CTNNB1,I35S,0,train,,
CTNNB1||R535Q,CTNNB1,R535Q,0,train,,
CTNNB1||T257I,CTNNB1,T257I,0,train,,
CYP3A5||D336N,CYP3A5,D336N,0,validation,0.2148723304271698,0.13143524527549744
CYP3A5||G177R,CYP3A5,G177R,0,validation,0.23762643337249756,0.12993422150611877
DNAJC12||R178C,DNAJC12,R178C,0,train,,
DNASE2||Y182H,DNASE2,Y182H,0,train,,
EDNRB||F292L,EDNRB,F292L,0,train,,
EGFR||A289V,EGFR,A289V,0,train,,
ELF1||P32S,ELF1,P32S,0,test,0.21175813674926758,0.13120514154434204
ERBB2||R897Q,ERBB2,R897Q,0,train,,
EYS||N269H,EYS,N269H,0,test,0.20082874596118927,0.12554992735385895
EYS||Q172L,EYS,Q172L,0,test,0.5570317506790161,0.7025113105773926
FAM196A||Q46R,FAM196A,Q46R,1,train,,
FAM196A||R399Q,FAM196A,R399Q,0,train,,
FBXW7||A502V,FBXW7,A502V,0,train,,
FBXW7||I347M,FBXW7,I347M,0,train,,
FBXW7||R465C,FBXW7,R465C,0,train,,
FBXW7||R465H,FBXW7,R465H,0,train,,
FBXW7||R505C,FBXW7,R505C,0,train,,
FBXW7||R658Q,FBXW7,R658Q,0,train,,
FBXW7||R689Q,FBXW7,R689Q,0,train,,
FBXW7||S462Y,FBXW7,S462Y,0,train,,
FTH1||A161T,FTH1,A161T,0,train,,
GABRA6||G175R,GABRA6,G175R,0,train,,
GABRA6||G212R,GABRA6,G212R,0,train,,
GABRA6||P345S,GABRA6,P345S,0,train,,
GALNT14||R336Q,GALNT14,R336Q,0,train,,
GALNT14||V534F,GALNT14,V534F,0,train,,
GALNTL5||D221E,GALNTL5,D221E,0,validation,0.19910791516304016,0.14533831179141998
GALNTL5||G309E,GALNTL5,G309E,0,validation,0.2710758149623871,0.17532497644424438
GATA3||R330K,GATA3,R330K,0,train,,
GATA3||S118F,GATA3,S118F,0,train,,
GATA3||S140F,GATA3,S140F,0,train,,
GPR141||E267K,GPR141,E267K,0,validation,0.5182870030403137,0.5991562008857727
GPR141||Q224K,GPR141,Q224K,0,validation,0.7647916078567505,0.7433363199234009
GZMA||G210E,GZMA,G210E,0,validation,0.2264004498720169,0.14823982119560242
GZMA||H38N,GZMA,H38N,0,validation,0.2187660187482834,0.19534516334533691
H2AFX||K134N,H2AFX,K134N,0,train,,
HERPUD2||P46L,HERPUD2,P46L,0,test,0.5528950691223145,0.55909663438797
HERPUD2||R285Q,HERPUD2,R285Q,0,test,0.7262220978736877,0.4889097809791565
HIST1H1E||A60D,HIST1H1E,A60D,1,train,,
HIST1H3B||A48S,HIST1H3B,A48S,0,train,,
HIST1H3B||L101W,HIST1H3B,L101W,0,train,,
HRAS||A11D,HRAS,A11D,0,test,0.1868160218000412,0.1283559501171112
HRAS||A59T,HRAS,A59T,0,test,0.2230786830186844,0.13805392384529114
HRAS||G12A,HRAS,G12A,0,test,0.23421594500541687,0.16832950711250305
HRAS||G12C,HRAS,G12C,0,test,0.23651885986328125,0.15801754593849182
HRAS||G12D,HRAS,G12D,0,test,0.2055501490831375,0.14088767766952515
HRAS||Q61K,HRAS,Q61K,0,test,0.26722249388694763,0.3188101649284363
HRAS||Q61L,HRAS,Q61L,0,test,0.25174957513809204,0.1539984941482544
HRAS||Q61R,HRAS,Q61R,0,test,0.25123509764671326,0.1567806899547577
HRH4||S170L,HRH4,S170L,0,validation,0.2673536241054535,0.21745307743549347
IDH1||E190K,IDH1,E190K,0,train,,
IDH1||P33S,IDH1,P33S,0,train,,
IDH1||R132H,IDH1,R132H,0,train,,
IDH2||A416V,IDH2,A416V,0,train,,
IDH2||A47V,IDH2,A47V,0,train,,
IDH2||E268D,IDH2,E268D,0,train,,
IDH2||G137E,IDH2,G137E,0,train,,
IDH2||I139F,IDH2,I139F,0,train,,
IDH2||R172K,IDH2,R172K,0,train,,
IDH2||R172M,IDH2,R172M,0,train,,
IDH2||T331M,IDH2,T331M,0,train,,
IKZF5||E135K,IKZF5,E135K,0,train,,
ILKAP||S61Y,ILKAP,S61Y,0,train,,
IRF4||R96L,IRF4,R96L,0,train,,
ISX||R86C,ISX,R86C,0,train,,
ISX||T87A,ISX,T87A,0,train,,
KIF2B||E161G,KIF2B,E161G,0,train,,
KIF2B||I119T,KIF2B,I119T,0,train,,
KIF2B||Q430H,KIF2B,Q430H,0,train,,
KIF2B||R504Q,KIF2B,R504Q,0,train,,
KIF2B||W60L,KIF2B,W60L,0,train,,
KIR3DL2||R96Q,KIR3DL2,R96Q,0,train,,
KLRC2||G174R,KLRC2,G174R,0,train,,
KPNA3||V154G,KPNA3,V154G,0,train,,
KRAS||A59G,KRAS,A59G,0,train,,
KRAS||D33E,KRAS,D33E,0,train,,
KRAS||E62K,KRAS,E62K,0,train,,
KRAS||G12A,KRAS,G12A,0,train,,
KRAS||G12C,KRAS,G12C,0,train,,
KRAS||G12D,KRAS,G12D,0,train,,
KRAS||G12S,KRAS,G12S,0,train,,
KRT26||S2C,KRT26,S2C,0,train,,
LCE1B||G102C,LCE1B,G102C,0,test,0.22644007205963135,0.16284261643886566
LCE1B||S42F,LCE1B,S42F,0,test,0.20724225044250488,0.13793037831783295
LZTR1||R810W,LZTR1,R810W,1,train,,
LZTR1||V456G,LZTR1,V456G,1,train,,
MAGEC2||D15N,MAGEC2,D15N,0,train,,
MAGEC2||E269K,MAGEC2,E269K,0,train,,
MAGEC2||G74V,MAGEC2,G74V,1,train,,
MAGEC2||R287W,MAGEC2,R287W,0,train,,
MAGEC2||S85I,MAGEC2,S85I,0,train,,
MAP2K1||C121S,MAP2K1,C121S,0,validation,0.1974829137325287,0.1261780560016632
MAP2K1||E203K,MAP2K1,E203K,0,validation,0.45148810744285583,0.47878867387771606
MAP2K1||L177M,MAP2K1,L177M,0,validation,0.3224940896034241,0.27803942561149597
MAP2K1||P124S,MAP2K1,P124S,0,validation,0.217408686876297,0.12802335619926453
MFAP4||Y55S,MFAP4,Y55S,0,train,,
NFE2L2||G31R,NFE2L2,G31R,0,train,,
NFE2L2||G31V,NFE2L2,G31V,0,train,,
NFE2L2||N160S,NFE2L2,N160S,0,train,,
NFE2L2||T80K,NFE2L2,T80K,0,train,,
NFKBIA||P137S,NFKBIA,P137S,0,train,,
NRAS||Q61H,NRAS,Q61H,0,train,,
NRAS||Q61K,NRAS,Q61K,0,train,,
NRAS||Q61L,NRAS,Q61L,0,train,,
NRAS||Q61R,NRAS,Q61R,0,train,,
OMA1||P177S,OMA1,P177S,0,validation,0.2960187792778015,0.15949437022209167
OR2G6||I177F,OR2G6,I177F,0,train,,
OR2G6||K236M,OR2G6,K236M,0,train,,
OR2G6||N294Y,OR2G6,N294Y,0,train,,
OR2G6||N42S,OR2G6,N42S,0,train,,
OR2G6||R265K,OR2G6,R265K,0,train,,
OR2G6||W149C,OR2G6,W149C,0,train,,
OR2M2||N42Y,OR2M2,N42Y,0,train,,
OR2M2||V117I,OR2M2,V117I,0,train,,
OR2T33||F164V,OR2T33,F164V,0,train,,
OR2T33||L60P,OR2T33,L60P,0,train,,
OR2T33||P285L,OR2T33,P285L,0,train,,
OR2T33||R120S,OR2T33,R120S,0,train,,
OR2T33||W147C,OR2T33,W147C,0,train,,
OR2T33||W49L,OR2T33,W49L,0,train,,
OTUD6A||R171P,OTUD6A,R171P,0,train,,
OTUD6A||V211M,OTUD6A,V211M,0,train,,
PIK3CA||D1045V,PIK3CA,D1045V,0,train,,
PIK3CA||H1047Y,PIK3CA,H1047Y,0,train,,
PIK3CG||K973R,PIK3CG,K973R,0,train,,
PIK3CG||V168M,PIK3CG,V168M,0,train,,
PIK3CG||W212C,PIK3CG,W212C,0,train,,
PIK3R3||R383C,PIK3R3,R383C,0,train,,
PIK3R4||E1209K,PIK3R4,E1209K,0,test,0.26423031091690063,0.1523502767086029
PIK3R4||R998Q,PIK3R4,R998Q,0,test,0.19578316807746887,0.1291196346282959
PPIAL4G||N35H,PPIAL4G,N35H,0,train,,
PPP2R1A||R258H,PPP2R1A,R258H,0,train,,
PPP2R1A||S143F,PPP2R1A,S143F,0,train,,
PSG2||H245Y,PSG2,H245Y,0,validation,0.20875410735607147,0.1466134637594223
PSG2||S265C,PSG2,S265C,0,validation,0.19613580405712128,0.1279328614473343
PTEN||F90S,PTEN,F90S,0,train,,
PTEN||G127V,PTEN,G127V,0,train,,
PTEN||G129E,PTEN,G129E,0,train,,
PTEN||G129V,PTEN,G129V,0,train,,
PTEN||R173H,PTEN,R173H,0,train,,
RB1||F755I,RB1,F755I,0,train,,
RB1||I782M,RB1,I782M,0,train,,
RB1||L550I,RB1,L550I,0,train,,
RB1||R451H,RB1,R451H,0,train,,
RB1||V654L,RB1,V654L,0,train,,
REG1A||E80K,REG1A,E80K,0,train,,
REG1A||P105T,REG1A,P105T,0,train,,
REG1A||S131I,REG1A,S131I,0,train,,
REG3A||G85R,REG3A,G85R,0,train,,
REG3A||P109S,REG3A,P109S,0,train,,
RET||M918T,RET,M918T,0,validation,0.5870101451873779,0.8000442385673523
RHOA||F106L,RHOA,F106L,0,train,,
RHOA||G62E,RHOA,G62E,0,train,,
RHOA||R5Q,RHOA,R5Q,0,train,,
RHOA||S85F,RHOA,S85F,1,train,,
RHOA||T175M,RHOA,T175M,1,train,,
SAMHD1||D218H,SAMHD1,D218H,0,train,,
SAMHD1||I515T,SAMHD1,I515T,0,train,,
SERPINB4||A137E,SERPINB4,A137E,0,validation,0.19950418174266815,0.16938968002796173
SERPINB4||E110K,SERPINB4,E110K,0,validation,0.25767096877098083,0.18500550091266632
SERPINB4||E250K,SERPINB4,E250K,0,validation,0.23452873528003693,0.15800468623638153
SERPINB4||E290K,SERPINB4,E290K,0,validation,0.30839332938194275,0.19569602608680725
SERPINB4||F182I,SERPINB4,F182I,0,validation,0.29331985116004944,0.1558787077665329
SGK1||A48G,SGK1,A48G,0,train,,
SGK1||F27L,SGK1,F27L,0,train,,
SLC2A3||F88S,SLC2A3,F88S,0,train,,
SLC2A3||G109V,SLC2A3,G109V,0,train,,
SLC2A3||K49N,SLC2A3,K49N,0,train,,
SMAD2||D304G,SMAD2,D304G,1,train,,
SPANXN4||P4Q,SPANXN4,P4Q,0,train,,
SPATA8||E18K,SPATA8,E18K,0,train,,
SPATA8||P83T,SPATA8,P83T,0,train,,
SPOP||E47A,SPOP,E47A,1,train,,
SPOP||E50K,SPOP,E50K,1,train,,
SPOP||F102C,SPOP,F102C,0,train,,
SPOP||F133S,SPOP,F133S,0,train,,
SPOP||K101I,SPOP,K101I,0,train,,
SPOP||K134N,SPOP,K134N,0,train,,
SPOP||W131C,SPOP,W131C,1,train,,
SPOP||W131G,SPOP,W131G,1,train,,
STAG2||E134D,STAG2,E134D,0,train,,
STAG2||P572S,STAG2,P572S,1,train,,
STK11||D194Y,STK11,D194Y,0,train,,
SV2C||G146S,SV2C,G146S,0,test,0.24012024700641632,0.13984675705432892
SV2C||M727I,SV2C,M727I,0,test,0.2454136162996292,0.18665599822998047
SV2C||R121Q,SV2C,R121Q,0,test,0.190983384847641,0.1360616534948349
SYCP1||E509K,SYCP1,E509K,0,train,,
SYCP1||E773K,SYCP1,E773K,0,train,,
TBL1XR1||L81V,TBL1XR1,L81V,0,train,,
TBL1XR1||R166Q,TBL1XR1,R166Q,0,train,,
TBL1XR1||T349M,TBL1XR1,T349M,0,train,,
TMPO||D185H,TMPO,D185H,0,train,,
TNF||S157R,TNF,S157R,0,train,,
TNFRSF14||A102P,TNFRSF14,A102P,0,train,,
TP53||C176F,TP53,C176F,0,train,,
TP53||C275F,TP53,C275F,0,train,,
TP53||C275S,TP53,C275S,0,train,,
TP53||I195F,TP53,I195F,0,train,,
TRAF3||D463N,TRAF3,D463N,1,validation,0.25253409147262573,0.14326533675193787
TRAT1||D40Y,TRAT1,D40Y,0,train,,
TRAT1||E76K,TRAT1,E76K,1,train,,
TRIM55||E369G,TRIM55,E369G,0,train,,
TRIM55||R322H,TRIM55,R322H,0,train,,
WBSCR17||A398V,WBSCR17,A398V,0,train,,
WBSCR17||D348N,WBSCR17,D348N,0,train,,
WBSCR17||E289K,WBSCR17,E289K,0,train,,
WBSCR17||E507K,WBSCR17,E507K,0,train,,
WBSCR17||S194R,WBSCR17,S194R,0,train,,
WIPI1||P139S,WIPI1,P139S,0,validation,0.47977179288864136,0.17607030272483826
WNT2||V334M,WNT2,V334M,0,train,,
XPO1||E571A,XPO1,E571A,0,train,,
XPO1||E571K,XPO1,E571K,0,train,,
XPO1||R553C,XPO1,R553C,0,train,,
YTHDC1||E483Q,YTHDC1,E483Q,0,validation,0.21446116268634796,0.14220468699932098
ZNF454||H462Y,ZNF454,H462Y,0,train,,
ZNF454||P299L,ZNF454,P299L,0,train,,
ACVRL1||P30S,ACVRL1,P30S,0,validation,0.20065197348594666,0.1352333277463913
AHCY||R38W,AHCY,R38W,0,train,,
AHCY||R335C,AHCY,R335C,0,train,,
AHCY||G123R,AHCY,G123R,0,train,,
AHCY||C421R,AHCY,C421R,0,train,,
ALK||D1529E,ALK,D1529E,0,train,,
AMHR2||R33W,AMHR2,R33W,0,validation,0.20393338799476624,0.14769259095191956
ANG||G110G,ANG,G110G,0,train,,
APOH||N75S,APOH,N75S,0,train,,
APOH||A160D,APOH,A160D,0,train,,
APOH||A119T,APOH,A119T,0,train,,
AQP1||V107I,AQP1,V107I,0,train,,
AQP1||V107G,AQP1,V107G,0,train,,
AQP1||G165D,AQP1,G165D,0,train,,
ARL13B||P396A,ARL13B,P396A,0,train,,
ARL13B||G315R,ARL13B,G315R,0,train,,
BTK||Y418H,BTK,Y418H,0,test,0.18428002297878265,0.12728944420814514
BTK||R236Q,BTK,R236Q,0,test,0.1808716058731079,0.12787777185440063
BTK||E205D,BTK,E205D,0,test,0.19395798444747925,0.1289551556110382
CAPN3||D778N,CAPN3,D778N,0,train,,
CFP||V53M,CFP,V53M,0,train,,
CFP||R79Q,CFP,R79Q,0,train,,
CFP||G250S,CFP,G250S,0,train,,
CFP||D299N,CFP,D299N,0,train,,
CRYGC||V86F,CRYGC,V86F,0,train,,
CRYGC||S106N,CRYGC,S106N,0,train,,
CRYGC||R91W,CRYGC,R91W,0,train,,
CRYGC||R48H,CRYGC,R48H,0,train,,
CRYGD||V126M,CRYGD,V126M,0,train,,
CRYGD||R15H,CRYGD,R15H,0,train,,
EFHC1||R159G,EFHC1,R159G,0,train,,
EFHC1||N607S,EFHC1,N607S,0,train,,
GGCX||V460I,GGCX,V460I,0,train,,
GGCX||S13I,GGCX,S13I,0,train,,
GGCX||R325Q,GGCX,R325Q,0,train,,
GGCX||D31N,GGCX,D31N,0,train,,
GNPTAB||R46Q,GNPTAB,R46Q,0,train,,
IL12RB1||R156H,IL12RB1,R156H,0,train,,
IL7R||V138I,IL7R,V138I,0,train,,
IL7R||T414M,IL7R,T414M,0,train,,
IL7R||T244I,IL7R,T244I,0,train,,
IL7R||I66T,IL7R,I66T,0,train,,
MC2R||T33I,MC2R,T33I,0,train,,
MC2R||P27R,MC2R,P27R,0,train,,
MC2R||A252T,MC2R,A252T,0,train,,
MCOLN1||T24N,MCOLN1,T24N,0,train,,
MCOLN1||S257R,MCOLN1,S257R,0,train,,
MCOLN1||R236Q,MCOLN1,R236Q,0,train,,
MCOLN1||L209F,MCOLN1,L209F,0,train,,
MITF||V427A,MITF,V427A,0,test,0.22846360504627228,0.15435168147087097
MITF||E208G,MITF,E208G,0,test,0.2028946876525879,0.13093838095664978
NR0B1||C200W,NR0B1,C200W,0,train,,
PNPLA3||Y220C,PNPLA3,Y220C,0,test,0.6481696367263794,0.3539842367172241
PNPLA3||S453R,PNPLA3,S453R,0,test,0.20832499861717224,0.12917877733707428
PNPLA3||E331G,PNPLA3,E331G,0,test,0.20217294991016388,0.13226500153541565
PRODH||R521Q,PRODH,R521Q,0,train,,
PRODH||R453C,PRODH,R453C,0,train,,
RFXANK||R179C,RFXANK,R179C,0,train,,
RFXANK||Q251E,RFXANK,Q251E,0,train,,
RFXANK||P259S,RFXANK,P259S,0,train,,
RFXANK||E48D,RFXANK,E48D,0,train,,
RP2||T87I,RP2,T87I,0,train,,
RP2||R251G,RP2,R251G,0,train,,
RP2||I201V,RP2,I201V,0,train,,
RPE65||N321K,RPE65,N321K,0,train,,
RPE65||K294T,RPE65,K294T,1,train,,
SCARB2||V396I,SCARB2,V396I,0,train,,
SCARB2||R121Q,SCARB2,R121Q,0,train,,
SCARB2||M159V,SCARB2,M159V,0,train,,
SCARB2||G462E,SCARB2,G462E,0,train,,
SEMA4A||R723C,SEMA4A,R723C,0,train,,
SEMA4A||R510Q,SEMA4A,R510Q,0,train,,
SEMA4A||P682S,SEMA4A,P682S,0,train,,
SEMA4A||A676V,SEMA4A,A676V,0,train,,
SLC14A1||W171R,SLC14A1,W171R,0,train,,
SLC14A1||V76I,SLC14A1,V76I,0,train,,
SLC14A1||I117T,SLC14A1,I117T,0,train,,
SLC2A1||V433I,SLC2A1,V433I,0,train,,
SLC2A1||P479T,SLC2A1,P479T,0,train,,
SLC2A1||F104L,SLC2A1,F104L,0,train,,
SLC39A4||P84L,SLC39A4,P84L,0,train,,
STAG2||R560K,STAG2,R560K,0,train,,
STAG2||M1057V,STAG2,M1057V,0,train,,
STAG2||I314V,STAG2,I314V,0,train,,
TSFM||W91G,TSFM,W91G,0,train,,
TSFM||V252I,TSFM,V252I,0,train,,
TSFM||S2L,TSFM,S2L,0,train,,
TSFM||L266I,TSFM,L266I,0,train,,
VAPB||D162E,VAPB,D162E,0,train,,
VAPB||D130E,VAPB,D130E,0,train,,
